random,index number,url,article reference,Data Collection Article doi,pmid,in ISI Web of Science? (Y/N),How many merged citation records?,WoS Cited by how many?,COMMENTS,Dropbox filenames (for multiple files or multiple citations),Google Scholar query,Relevant GS results
0.003554476453335,6783,http://www.bmrb.wisc.edu/data_library/generate_summary?6783,"Clark, Matthew, C.; McElheny, Dan; Wojcik, John; Kurutz, Josh; Rosner, Marsha, R.; Koide, Shohei; ""NMR Assignment of Rat Raf Kinase Inhibitor Protein,"" J. Biomol. NMR 36, Suppl. 5, 4-4 (2006).",10.1007/s10858-005-4424-y,16456706,y,1,3,,,"(BRMB OR ""Biological Magnetic Resonance Data Bank"") AND 6783",0
0.009633649968269,6834,http://www.bmrb.wisc.edu/data_library/generate_summary?6834,"Li, M.; Phatnani, H., P.; Greenleaf, A., L.; Zhou, P.; ""NMR assignment of the SRI domain of human Set2/HYPB."" J Biomol NMR. 2006;36 Suppl 1:5.",,16435090,n,,,,,"(BRMB OR ""Biological Magnetic Resonance Data Bank"") AND 6834",0
0.017542706175392,6467,http://www.bmrb.wisc.edu/data_library/generate_summary?6467,"Chagot, Benjamin; Escoubas, Pierre; Diochot, Sylvie; Bernard, Cedric; Lazdunski, Michel; Darbon, Herve; ""Solution structure of APETx2, a specific peptide inhibitor of ASIC3 proton-gated channels,"" Protein Sci. 14, 8, 2003-2010 (2005).",,15987885,y,1,17,,,"(BRMB OR ""Biological Magnetic Resonance Data Bank"") AND 6467",0
0.029223853504446,6927,http://www.bmrb.wisc.edu/data_library/generate_summary?6927,"Kelker, Matthew, S.; Peti, Wolfgang; ""NMR assignment of the Spinophilin PDZ domain (493-602),"" J. Biomol. NMR 36, Suppl. 5, 24-24 (2006)",,16607467,y,1,3,,,"(BRMB OR ""Biological Magnetic Resonance Data Bank"") AND 6927 -patents ",0
0.035483046382948,6928,http://www.bmrb.wisc.edu/data_library/generate_summary?6928,"Rocha, Susana, V.; Campos-Olivas, Ramon; ""1H, 13C, and 15N NMR Assignment of the Rep Protein Nuclease Domain from the Porcine Circovirus PCV2,"" J. Biomol. NMR 36, Suppl. 5, 25-25 (2006).",,16636755,y,1,1,,,"(BRMB OR ""Biological Magnetic Resonance Data Bank"") AND 6928 -patents ",1
0.035771461766485,6579,http://www.bmrb.wisc.edu/data_library/generate_summary?6579,"Choowongkomon, Kiattawee; Carlin, Cathleen, R.; Sonnichsen, Frank, D.; ""A structural model for the membrane-bound form of the juxtamembrane domain of the epidermal growth factor receptor,"" J. Biol. Chem. 280, 25, 24043-24052 (2005)",,15840573,y,1,19,,,"(BRMB OR ""Biological Magnetic Resonance Data Bank"") AND 6579 -patents ",2
0.088287039750338,6517,http://www.bmrb.wisc.edu/data_library/generate_summary?6517,"Cort, John, R.; Kennedy, Michael, A.; ""NMR structure of Pseudomonas aeruginosa protein PA4738,"" BMRB publication.
",,16927296,"incomplete citation, don't know how to compare it with ISI results"
0.090980353789514,6577,http://www.bmrb.wisc.edu/data_library/generate_summary?6577,"Wienk, Hans; Tomaselli, Simona; Bernard, Cedric; Spurio, Roberto; Picone, Delia; Gualerzi, Claudio, O.; Boelens, Rolf; ""Solution structure of the C1-subdomain of Bacillus stearothermophilus translation initiation factor IF2.,"" Protein Sci. 14, 9, 2461-2468 (2005). ",,16081655,y,1,10,,,"(BRMB OR ""Biological Magnetic Resonance Data Bank"") AND 6577 -patents ",3
0.10081321727161,6588,http://www.bmrb.wisc.edu/data_library/generate_summary?6588,"Okon, Mark; Frank, Philippe, G; Marcel, Yves, L; Cushley, Robert, J; ""Secondary structure of human lipoprotein A-I(1-186) in lipid-mimetic solution,"" FEBS Lett. 487, 3, 390-396 (2001).   ",,11163364,y,1,21,,,"(BRMB OR ""Biological Magnetic Resonance Data Bank"") AND 6588 -patents ",0
0.10283789928475,6470,http://www.bmrb.wisc.edu/data_library/generate_summary?6470,"Tjandra, Nico; Feller, Scott, E.; Pastor, Richard, W.; Bax, Ad; ""Rotational Diffusion Anisotropy of Human Ubiquitin from 15N NMR Relaxation,"" J. Am. Chem. Soc. 117, 50, 12562-12566 (1995).",10.1021/ja00155a020,,y,1,482,,,"(BRMB OR ""Biological Magnetic Resonance Data Bank"") AND 6470 -patents ",2
0.10317398921191,6455,http://www.bmrb.wisc.edu/data_library/generate_summary?6455,"Ahn, Hee-Chul; Juranic, Nenad; Macura, Slobodan; Markley, John, L.; ""Three-dimensional structure of the water-insoluble protein crambin in dodecylphosphocholine micelles and its minimal solvent-exposed surface,"" J. Am. Chem. Soc. 128, 13, 4398-4404 (2006)",,16569017,y,1,10,,,"(BRMB OR ""Biological Magnetic Resonance Data Bank"") AND 6455 -patents ",0
0.10404937861463,6583,http://www.bmrb.wisc.edu/data_library/generate_summary?6583,"Wright, Nathan, T.; Varney, Kristen, M.; Ellis, Karen, C.; Markowitz, J.; Gitti, Rossitza, K.; Zimmer, Danna, B.; Weber, David, J.; ""The Three-dimensional Solution Structure of Ca(2+)-bound S100A1 as Determined by NMR Spectroscopy,"" J. Mol. Biol. 353, 2, 410-426 (2005).",,16169012,y,1,24,,,"(BRMB OR ""Biological Magnetic Resonance Data Bank"") AND 6583 -patents ",0
0.11571719356782,6688,http://www.bmrb.wisc.edu/data_library/generate_summary?6688,"Danahy, Jessica, M.; Potter, Belinda, M.; Geisbrecht, Brian, V.; Laity, John, H.; ""NMR Assignment of Protein Rv1980c from Mycobacterium Tuberculosis,"" J. Biomol. NMR 33, 1, 73-73 (2005).",,16222561,y,1,2,,,"(BRMB OR ""Biological Magnetic Resonance Data Bank"") AND 6688 -patents ",1
0.12216096390378,6687,http://www.bmrb.wisc.edu/data_library/generate_summary?6687,"Yang, A.; Miron, S.; Duchambon, P.; Assairi, L.; Blouquit, Y.; Craescu, C., T.; ""The N-terminal domain of human centrin 2 has a closed structure, binds calcium with a very low affinity, and plays a role in the protein self-assembly,"" Biochemistry 45, 3, 880-889 (2006).  ",,16411764,y,1,26,,,"(BRMB OR ""Biological Magnetic Resonance Data Bank"") AND 6687 -patents ",0
0.12595253448421,6563,http://www.bmrb.wisc.edu/data_library/generate_summary?6563,"Guo, Xianrong; Li, You; Peng, Kuan; Hu, Yunfei; Li, Congmin; Xia, Bin; Jin, Changwen; ""Solution structures and backbone dynamics of arsenate reductase from Bacillus subtilis: Reversible conformational switch associates with arsenate reduction."","" J. Biol. Chem. 280, 47, 39601-39608 (2005). ",,16192272,y,1,7,,,"(BRMB OR ""Biological Magnetic Resonance Data Bank"") AND 6563 -patents ",0
0.14271902287946,6916,http://www.bmrb.wisc.edu/data_library/generate_summary?6916,"Ohlenschlager, O.; Seiboth, T.; Zengerling, H.; Briese, L.; Marchanka, A.; Ramachandran, R.; Baum, M.; Korbas, M.; Meyer-Klaucke, W.; Durst, M.; Gorlach, M.; ""Solution structure of the partially folded high-risk human papilloma virus 45 oncoprotein E7,"" Oncogene 25, 44, 5953-5959 (2006).  ",,16636661,y,1,19,,,"(BRMB OR ""Biological Magnetic Resonance Data Bank"") AND 6916 -patents ",2
0.14608690862041,6597,http://www.bmrb.wisc.edu/data_library/generate_summary?6597,"Card, P., B.; Erbel, P., J.; Gardner, K., H.; ""Structural Basis of ARNT PAS-B Dimerization: Use of a Common Beta-sheet Interface for Hetero- and Homodimerization.,"" J. Mol. Biol. 353, 3, 664-677 (2005).   ",,16181639,y,1,51,,,"(BRMB OR ""Biological Magnetic Resonance Data Bank"") AND 6597 -patents ",0
0.16149867603416,6920,http://www.bmrb.wisc.edu/data_library/generate_summary?6920,"Massiah, Michael, A.; Simmons, Brandi, N.; Short, Keiran, M.; Cox, Tim, C.; ""Solution Structure of the RBCC/TRIM B-box1 Domain of Human MID1: B-box with a RING,"" J. Mol. Biol. 358, 2, 532-545 (2006).   ",,16529770,y,1,22,,,"(BRMB OR ""Biological Magnetic Resonance Data Bank"") AND 6920 -patents ",0
0.16203621103908,6581,http://www.bmrb.wisc.edu/data_library/generate_summary?6581,"Schmidt, Holger; Hoffmann, Silke; Tran, Tuyen; Stoldt, Matthias; Stangler, Thomas; Wiesehan, Katja; Willbold, Dieter; ""Solution structure of a Hck SH3 Domain Ligand Complex Reveals Novel Interaction Modes,"" J. Mol. Biol. 365, 5, 1517-1532 (2007).   ",,17141806,y,1,6,,,"(BRMB OR ""Biological Magnetic Resonance Data Bank"") AND 6581 -patents ",2
0.16274686215009,6460,http://www.bmrb.wisc.edu/data_library/generate_summary?6460,"Xu, Huimin; Zhang, P.; Jin, Changwen; ""Letter to the Editor: NMR assignments of a low molecular weight protein tyrosine phosphatase (PTPase) from Bacillus subtilis,"" J. Biomol. NMR 31, 4, 363-363 (2005).    ",,15929004,y,1,1,,,"(BRMB OR ""Biological Magnetic Resonance Data Bank"") AND 6460 -patents ",1
0.16600835115028,6833,http://www.bmrb.wisc.edu/data_library/generate_summary?6833,"Li, Guang-Yao; Zhang, Yonglong; Chan, Mitchell, C.; Mal, Tapas, K.; Hoeflich, Klaus, P.; Inouye, Masayori; Ikura, Mitsuhiko; ""Characterization of Dual Substrate Binding Sites in the Homodimeric Structure of Escherichia coli mRNA Interferase MazF,"" J. Mol. Biol. 357, 1, 139-150 (2006). ",,16413577,y,1,9,,,"(BRMB OR ""Biological Magnetic Resonance Data Bank"") AND 6833 -patents ",3
0.16961956687594,6754,http://www.bmrb.wisc.edu/data_library/generate_summary?6754,"Yan, Jing; Wen, Wenyu; Xu, Weiguang; Long, Jia-fu; Adams, Marvin, E.; Froehner, Stanley, C.; Zhang, Mingjie; ""Structure of the split PH domain and distinct lipid-binding properties of the PH-PDZ supramodule of alpha-syntrophin.,"" EMBO J. 24, 23, 3985-3995 (2005). ",,16252003,y,1,19,,,"(BRMB OR ""Biological Magnetic Resonance Data Bank"") AND 6754 -patents ",0
0.20735957836102,6913,http://www.bmrb.wisc.edu/data_library/generate_summary?6913,"Pinheiro, Anderson, S.; Amorim, Gisele, C.; Netto, Luis Eduardo, S.; Valente, Ana Paula; Almeida, Fabio, C. L.; ""1H, 13C and 15N Resonance Assignments for the Reduced Forms of Thioredoxin 1 and 2 from S. cerevisiae,"" J. Biomol. NMR 36, Suppl. 5, 35-35 (2006).    ",,16609834,y,1,2,,,"(BRMB OR ""Biological Magnetic Resonance Data Bank"") AND 6913 -patents ",0
0.20948530740174,6553,http://www.bmrb.wisc.edu/data_library/generate_summary?6553,"Feng, H.; Takei, J.; Lipsitz, R.; Tjandra, N.; Bai, Y.; ""Specific non-native hydrophobic interactions in a hidden folding intermediate: implications for protein folding,"" Biochemistry 42, 43, 12461-12465 (2003).    ",,14580191,y,1,45,,,"(BRMB OR ""Biological Magnetic Resonance Data Bank"") AND 6553 -patents ",0
0.21342703709447,6840,http://www.bmrb.wisc.edu/data_library/generate_summary?6840,"Liepinsh, Edvards; Banyai, Laszlo; Patthy, Laszlo; Otting, Gottfried; ""NMR Structure of the WIF Domain of the Human Wnt-Inhibitory Factor-1.,"" J. Mol. Biol. 357, 3, 942-950 (2006).    ",,16476441,y,1,4,,,"(BRMB OR ""Biological Magnetic Resonance Data Bank"") AND 6840 -patents ",0
0.21499794855026,6624,http://www.bmrb.wisc.edu/data_library/generate_summary?6624,"Harris, Richard; Bunney, Tom, D.; Katan, Matilda; Driscoll, Paul, C.; ""Backbone 1H, 13C, and 15N Resonance Assignments for the two 13 kD Ras Associating Domains (RA1 and RA2) from Phospholipase C(epsilon),"" J. Biomol. NMR 33, 2, 138-138 (2005).    ",,16258837,y,1,1,,,"(BRMB OR ""Biological Magnetic Resonance Data Bank"") AND 6624 -patents ",0
0.21799948570893,6468,http://www.bmrb.wisc.edu/data_library/generate_summary?6468,"Vogtherr, Martin; Saxena, Krishna; Grimme, Susanne; Betz, Marco; Schieborr, Ulrich; Pescatore, Barbara; Langer, Thomas; Schwalbe, Harald; ""NMR backbone assignment of the mitogen-activated protein (MAP) kinase p38,"" J. Biomol. NMR 32, 2, 175-175 (2005).",,16034669,y,1,3,,,"(BRMB OR ""Biological Magnetic Resonance Data Bank"") AND 6468 -patents ",0
0.22956666287712,6469,http://www.bmrb.wisc.edu/data_library/generate_summary?6469,"Kasai, Nobuyuki; Tsunaka, Yasuo; Ohki, Izuru; Hirose, Susumu; Morikawa, Kosuke; Tate, Shin-ichi; ""Solution Structure of the HMG-box domain in the SSRP1 subunit of FACT,"" J. Biomol. NMR 32, 1, 83-88 (2005).",,16041486,y,1,3,,,"(BRMB OR ""Biological Magnetic Resonance Data Bank"") AND 6469 -patents ",0
0.2633538332533,6738,http://www.bmrb.wisc.edu/data_library/generate_summary?6738,"Ferguson, A., D.; Labunskyy, V., M.; Fomenko, D., E.; Arac, D.; Chelliah, Y.; Amezcua, C., A.; Rizo, J.; Gladyshev, V., N.; Deisenhofer, J.; ""NMR structures of the selenoproteins Sep15 and SelM reveal redox activity of new thioredoxin-like family.,"" J. Biol. Chem. (2005).   ",,16319061,y,1,34,,,"(BRMB OR ""Biological Magnetic Resonance Data Bank"") AND 6738 -patents ",1
0.28668369063674,6869,http://www.bmrb.wisc.edu/data_library/generate_summary?6869,"Jergic, S.; Ozawa, K.; Williams, N., K.; Su, X., C.; Scott, D., D.; Hamdan, S., M.; Crowther, J., A.; Otting, G.; Dixon, N., E.; ""The unstructured C-terminus of the {tau} subunit of Escherichia coli DNA polymerase III holoenzyme is the site of interaction with the {alpha} subunit,"" Nucleic Acids Res. 35, 9, 2813-2824 (2007).   ",,17355988,y,1,15,,,"(BRMB OR ""Biological Magnetic Resonance Data Bank"") AND 6869 -patents ",0
0.29013515738123,6480,http://www.bmrb.wisc.edu/data_library/generate_summary?6480,"Banci, L.; Bertini, I.; Cantini, F.; Migliardi, M.; Rosato, A.; Wang, S.; ""An Atomic-level Investigation of the Disease-causing A629P Mutant of the Menkes Protein, ATP7A.,"" J. Mol. Biol. 352, 2, 409-417 (2005).    ",,16083905,y,1,24,,,"(BRMB OR ""Biological Magnetic Resonance Data Bank"") AND 6480 -patents ",0
0.3139688850519,6520,http://www.bmrb.wisc.edu/data_library/generate_summary?6520,"Nicastro, G.; Orsomando, Giuseppe; Desario, F.; Ferrari, E.; Manconi, L.; Spisni, Alberto; Ruggeri, Silverio; ""The solution structure of the recombinant elicitor protein PcF from the oomycete pathogen P. cactorum displays a helix-loop-helix fold and reveals calcium binding ability,""- in preparation
",,,"incomplete citation, don't know how to compare it with ISI results"
0.31893997407867,6458,http://www.bmrb.wisc.edu/data_library/generate_summary?6458,"Di Stefano, Deena, L.; Wand, A., J.; ""Two-Dimensional 1H NMR Study of Human Ubiquitin: A Main Chain Directed Assignment and Structure Analysis,"" Biochemistry 26, 23, 7272-7281 (1987).    ",,2827748,y,1,123,,,"(BRMB OR ""Biological Magnetic Resonance Data Bank"") AND 6458 -patents ",2
0.3231368221289,6893,http://www.bmrb.wisc.edu/data_library/generate_summary?6893,"Burton, R., A.; Tsurupa, G.; Medved, L.; Tjandra, N.; ""Identification of an Ordered Compact Structure within the Recombinant Bovine Fibrinogen alphaC-Domain Fragment by NMR,"" Biochemistry 45, 7, 2257-2266 (2006).    ",,16475814,y,1,14,,,"(BRMB OR ""Biological Magnetic Resonance Data Bank"") AND 6893 -patents ",0
0.3308802399514,6473,http://www.bmrb.wisc.edu/data_library/generate_summary?6473,"Zhang, Xuecheng; Zhang, Jiahai; Li, X.; Xu, J.; Huang, H.; Chen, Q.; Wu, Jihui; Shi, Yunyu; ""Compact molten globule-like state of hUBF HMG Box1 at extremely low pH,"" Biochim Biophys Acta 1748, 1, 66-73 (2005).   ",,15752694,n
0.35347367866969,6806,http://www.bmrb.wisc.edu/data_library/generate_summary?6806,"Dogan, Jakob; Lendel, Christofer; Hard, Torleif; ""NMR Assignments of the Free and Bound-state Protein Components of an Anti-idiotypic Affibody Complex.,"" J. Biomol. NMR (2006).    ",,16456703,y,2,2,,,"(BRMB OR ""Biological Magnetic Resonance Data Bank"") AND 6806 -patents ",1
0.35834417096482,6805,http://www.bmrb.wisc.edu/data_library/generate_summary?6805,"Dogan, Jakob; Lendel, Christofer; Hard, Torleif; ""NMR Assignments of the Free and Bound-state Protein Components of an Anti-idiotypic Affibody Complex.,"" J. Biomol. NMR (2006).    ",,16456703,same as above? but different pmid?,2,2,,,"(BRMB OR ""Biological Magnetic Resonance Data Bank"") AND 6805 -patents ",0
0.35852444047823,6788,http://www.bmrb.wisc.edu/data_library/generate_summary?6788,"Radhakrishnan, Ishwar; Perez-Alvarado, Gabriela, C.; Dyson, H., Jane; Wright, Peter, E.; ""Conformational preferences in the Ser133-phosphorylated and non-phosphorylated forms of the kinase inducible transactivation domain of CREB,"" FEBS Lett. 430, 3, 317-322 (1998).   ",,9688563,y,1,60,,,"(BRMB OR ""Biological Magnetic Resonance Data Bank"") AND 6788 -patents ",0
0.36227748680482,6808,http://www.bmrb.wisc.edu/data_library/generate_summary?6808,"Drechsler, Alison; Potrich, Cristina; Sabo, Jennifer, K.; Frisanco, Mattia; Guella, Graziano; Dalla Serra, Mauro; Anderluh, Gregor; Separovic, Frances; Norton, Raymond, S.; ""Structure and Activity of the N-Terminal Region of the Eukaryotic Cytolysin Equinatoxin II,"" Biochemistry 45, 6, 1818-1828 (2006).  ",,16460028,y,1,21,,,"(BRMB OR ""Biological Magnetic Resonance Data Bank"") AND 6808 -patents ",0
0.38235292405751,6589,http://www.bmrb.wisc.edu/data_library/generate_summary?6589,"Sivaraja, Vaithiyalingam; Suresh Kumar, Thallapuranam, Krishnaswamy; Leena, Philominathan, Sagaya-Theresa; Chang, Anne; Vidya, Chitturi; Goforth, Robyn, L.; Rajalingam, Dakshinamurthy; Arvind, Kannan; Ye, Jian-Liang; Chou, Jonathan; Henry, Ralph; Yu, Chin; ""Three-dimensional solution structures of the chromodomains of cpSRP43,"" J. Biol. Chem. 280, 50, 41465-41471 (2005).    ",,16183644,y,1,11,,,"(BRMB OR ""Biological Magnetic Resonance Data Bank"") AND 6589 -patents ",1
0.38307833524229,6902,http://www.bmrb.wisc.edu/data_library/generate_summary?6902,"Maestre-Martinez, Mitcheell; Edlich, Frank; Jarczowski, Franziska; Weiwad, Matthias; Fischer, Gunter; Luecke, Christian; ""NMR Structure Note: Solution structure of the FK506-binding domain of human FKBP38,"" J. Biomol. NMR 34, 3, 197-202 (2006).    ",,16604427,y,1,10,,,"(BRMB OR ""Biological Magnetic Resonance Data Bank"") AND 6902 -patents ",0
0.38548211265532,6489,http://www.bmrb.wisc.edu/data_library/generate_summary?6489,"Nakano, Takayuki; Ikegami, Takahisa; Suzuki, Toshiharu; Yoshida, Masasuke; Akutsu, Hideo; ""A New Solution Structure of ATP Synthase Subunit c from Thermophilic Bacillus PS3, Suggesting a Local Conformational Change for H(+)-Translocation,"" J. Mol. Biol. (2006).    ",,16497328,y,1,16,,,"(BRMB OR ""Biological Magnetic Resonance Data Bank"") AND 6489 -patents ",1
0.39276539878282,6769,http://www.bmrb.wisc.edu/data_library/generate_summary?6769,"Srisailam, Sampath; Lukin, Jonathan, A.; Yee, Adelinda; Semesi, Anthony; Arrowsmith, Cheryl, H.; ""Solution Structure of acyl carrier protein from Nitrosomonas_europaea,"" Proteins 64, 3, 800-803 (2006).    ",,16741959,y,1,1,,,"(BRMB OR ""Biological Magnetic Resonance Data Bank"") AND 6769 -patents ",0
0.39475837812288,6841,http://www.bmrb.wisc.edu/data_library/generate_summary?6841,"Babini, E.; Bertini, I.; Capozzi, F.; Chirivino, E.; Luchinat, C.; ""A Structural and Dynamic Characterization of the EF-Hand Protein CLSP,"" Structure 14, 6, 1029-1038 (2006).   ",,16765896,y,1,8,,,"(BRMB OR ""Biological Magnetic Resonance Data Bank"") AND 6841 -patents ",0
0.39895474703151,6918,http://www.bmrb.wisc.edu/data_library/generate_summary?6918,"Sheehan, Jonathan, H.; Bunick, Christopher, G.; Hu, Haitao; Fagan, Patricia, A.; Meyn, Susan, M.; Chazin, Walter, J.; ""Structure of the N-terminal Calcium Sensor Domain of Centrin Reveals the Biochemical Basis for Domain-Specific Function,"" J. Biol. Chem. 281, 5, 2876-2881 (2006).   ",,16317001,y,1,13,,,"(BRMB OR ""Biological Magnetic Resonance Data Bank"") AND 6918 -patents ",0
0.4038993303595,6746,http://www.bmrb.wisc.edu/data_library/generate_summary?6746,"Wu, Bin; Yee, Adelina; Ramelot, Theresa; Semesi, Anthony; Lemak, Alexander; Kennedy, Michael; Arrowsmith, Cheryl, H.; ""Solution structure of phnA-like protein rp4479 from Rhodopseudomonas palustris,"" BMRB publication.
",,,"incomplete citation, don't know how to compare it with ISI results"
0.40757972368664,6866,http://www.bmrb.wisc.edu/data_library/generate_summary?6866,"Song, Jikui; Zhao, Qin; Loushin Newman, Carrie; Vinarov, Dmitriy, A.; Markley, John, L.; ""Solution structure of human sorting nexin 22,"" Protein Sci. 16, 5, 807-814 (2007).    ",,17400918,y,1,4,,,"(BRMB OR ""Biological Magnetic Resonance Data Bank"") AND 6866 -patents ",0
0.4130080438849,6453,http://www.bmrb.wisc.edu/data_library/generate_summary?6453,"Osborne, Michael, J.; Siddiqui, Nadeem; Landgraf, Dirk; Pomposiello, Pablo, J.; Gehring, Kalle; ""The solution structure of the oxidative stress-related protein YggX from Escherichia coli.,"" Protein Sci. 14, 1673-1678 (2005).    ",,15883188,y,1,5,,,"(BRMB OR ""Biological Magnetic Resonance Data Bank"") AND 6453 -patents ",1
0.4237098984317,6854,http://www.bmrb.wisc.edu/data_library/generate_summary?6854,"Park, Sunghyouk; Takeuchi, Koh; Wagner, Gerhard; ""Solution structure of the first Src Homology 3 domain of Nck2,"" J. Biomol. NMR 34, 3, 203-208 (2006).    ",,16604428,y,1,11,,,"(BRMB OR ""Biological Magnetic Resonance Data Bank"") AND 6854 -patents ",0
0.43094863187957,6600,http://www.bmrb.wisc.edu/data_library/generate_summary?6600,"Cui, Gaofeng; Nan, Beiyan; Hu, Jicheng; Wang, Yiping; Jin, Changwen; Xia, Bin; ""Identification and solution structures of a single-domain biotin/lipoyl attachment protein from bacillus subtilis,"" J. Biol. Chem. 281, 29, 20598-20607 (2006).    ",,16699181,y,1,3,,,"(BRMB OR ""Biological Magnetic Resonance Data Bank"") AND 6600 -patents ",0
0.44923235627595,6484,http://www.bmrb.wisc.edu/data_library/generate_summary?6484,"Sivaraja, Vaithiyalingam; Suresh Kumar, Thallapuranam, K.; Yu, Chin; ""Resonance Assignments for Mouse S100A13,"" J. Biomol. NMR 32, 3, 257-257 (2005).
",10.1007/s10858-005-6730-9,,y,2,2,,,"(BRMB OR ""Biological Magnetic Resonance Data Bank"") AND 6484 -patents ",5
0.47045581136431,6850,http://www.bmrb.wisc.edu/data_library/generate_summary?6850,"Gasch, Alexander; Wiesner, Silke; Martin-Malpartida, Pau; Ramirez-Espain, Ximena; Ruiz, Lidia; Macias, Maria, J.; ""The structure of Prp40 FF1 domain and its interaction with the crn-TPR1 motif of CLF1 gives a new insight into the binding mode of FF domains,"" J. Biol. Chem. 281, 1, 356-364 (2005).   ",,16253993,y,1,2,,,"(BRMB OR ""Biological Magnetic Resonance Data Bank"") AND 6850 -patents ",0
0.50036489084633,6648,http://www.bmrb.wisc.edu/data_library/generate_summary?6648,"Bird, Amanda, J.; McCall, Keith; Kramer, Michelle; Blankman, Elizabeth; Winge, Dennis, R.; Eide, David, J.; ""Zinc fingers can act as Zn(II) sensors to regulate transcriptional activation domain function,"" EMBO J. 22, 19, 5137-5146 (2003).",,14517251,y,1,35,,,"(BRMB OR ""Biological Magnetic Resonance Data Bank"") AND 6648 -patents ",1
0.51856886225423,6505,http://www.bmrb.wisc.edu/data_library/generate_summary?6505,"Aramini, James, M.; Rossi, Paolo; Anklin, Clemens; Xiao, Rong; Montelione, Gaetano, T.; ""Microgram-scale protein structure determination by NMR,"" Nature Methods 4, 6, 491-493 (2007).    ",,17496898,y,1,1,,,"(BRMB OR ""Biological Magnetic Resonance Data Bank"") AND 6505 -patents ",0
0.55006393800486,6724,http://www.bmrb.wisc.edu/data_library/generate_summary?6724,"Chan, Siew Leong; Ong, Seow Theng; Ong, Su Yin; Chew, Fook Tim; Mok, Yu Keung; ""Nuclear Magnetic Resonance Structure-Based Epitope Mapping and Modulation of Dust Mite Group 13 Allergen as a Hypoallergen,"" J. Immunol. 176, 4852-4860 (2006).
",,16585580,y,1,16,,,"(BRMB OR ""Biological Magnetic Resonance Data Bank"") AND 6724 -patents ",0
0.5506104479386,6483,http://www.bmrb.wisc.edu/data_library/generate_summary?6483,"Chan, Siew Leong; Ong, Seow Theng; Ong, Su Yin; Chew, Fook Tim; Mok, Yu Keung; ""Nuclear Magnetic Resonance Structure-Based Epitope Mapping and Modulation of Dust Mite Group 13 Allergen as a Hypoallergen,"" J. Immunol. 176, 4852-4860 (2006).
",,16585580,y,1,16,,,"(BRMB OR ""Biological Magnetic Resonance Data Bank"") AND 6483 -patents ",1
0.57197331460937,6519,http://www.bmrb.wisc.edu/data_library/generate_summary?6519,"Venkitaramani, Deepa, V.; Fulton, D., Bruce; Andreotti, Amy, H.; Johansen, Kristen, H.; Johansen, Jorgen; ""Solution structure and backbone dynamics of Calsensin, an invertebrate neuronal calcium-binding protein,"" Protein Sci. 14, 7, 1894-1901 (2005).    ",,15937283,y,1,4,,,"(BRMB OR ""Biological Magnetic Resonance Data Bank"") AND 6519 -patents ",1
0.58112393234278,6503,http://www.bmrb.wisc.edu/data_library/generate_summary?6503,"Taylor, Jonathan, D.; Fawaz, Radwan, R.; Ababou, Abdessamad; Williams, Mark, A.; Ladbury, John, E.; ""NMR Assignment of the Apo and Peptide-bound SH2 Domain from the Rous Sarcoma Viral Protein Src,"" J. Biomol. NMR 32, 4, 339-339 (2005).    ",,16211495,y,1,2,,,"(BRMB OR ""Biological Magnetic Resonance Data Bank"") AND 6503 -patents ",0
0.59793638078758,6868,http://www.bmrb.wisc.edu/data_library/generate_summary?6868,"Revington, M.; Semesi, A.; Yee, A.; Shaw, G., S.; ""Solution structure of the Escherichia coli protein ydhR: a putative mono-oxygenase,"" Protein Sci. 14, 12, 3115-3120 (2005).    ",,16260765,y,1,2,,,"(BRMB OR ""Biological Magnetic Resonance Data Bank"") AND 6868 -patents ",0
0.60853980628393,6727,http://www.bmrb.wisc.edu/data_library/generate_summary?6727,"Sue, Shih-Che; Hsaio, Hsin-Hao; Chung, Chih-Pin, P.; Cheng, Ying-Hsien; Hsueh, Kuang-Lung; Chen, Chung Mong; Ho, Chia Hsing; Huang, Tai-huang; ""Solution Structure of the Arabidopsis thaliana Telomeric Repeat-binding Protein DNA Binding Domain: A New Fold with an Additional C-terminal Helix.,"" J. Mol. Biol. (2005).    ",,16337232,y,1,11,,,"(BRMB OR ""Biological Magnetic Resonance Data Bank"") AND 6727 -patents ",3
0.61905233242417,6612,http://www.bmrb.wisc.edu/data_library/generate_summary?6612,"Uhrinova, S.; Uhrin, D.; Powers, H.; Watt, K.; Zheleva, D.; Fischer, P.; McInnes, C.; Barlow, P., N.; ""Structure of free MDM2 N-terminal domain reveals conformational adjustments that accompany p53-binding.,"" J. Mol. Biol. 350, 3, 587-598 (2005).    ",,15953616,y,1,37,,,"(BRMB OR ""Biological Magnetic Resonance Data Bank"") AND 6612 -patents ",1
0.62110633415252,6699,http://www.bmrb.wisc.edu/data_library/generate_summary?6699,"Balayssac, Stephane; Jimenez, Beatriz; Piccioli, Mario; ""Assignment Strategy for Fast Relaxing Signals: Complete Aminoacid Identification in Thulium Substituted Calbindin D(9K),"" J. Biomol. NMR 34, 2, 63-73 (2006).",,16518694,y,1,10,,,"(BRMB OR ""Biological Magnetic Resonance Data Bank"") AND 6699 -patents ",0
0.6320623269916,6532,http://www.bmrb.wisc.edu/data_library/generate_summary?6532,"Arnesano, F.; Banci, L.; Bertini, I.; Fantoni, A.; Tenori, L.; Viezzoli, M., S.; ""Structural interplay between calcium(II) and copper(II) binding to S100A13 protein,"" Angew. Chem. Int. Ed. Engl. 44, 39, 6341-6344 (2005).    ",,16145699,y,1,18,,,"(BRMB OR ""Biological Magnetic Resonance Data Bank"") AND 6532 -patents ",1
0.64790442201927,6747,http://www.bmrb.wisc.edu/data_library/generate_summary?6747,"Wu, Bin; Yee, Adelina; Lukin, Jonathan; Semesi, Anthony; Lemak, Alexander; Ramelot, Theresa; Kennedy, Michael; Arrowsmith, Cheryl, H.; ""Solution structure of 50S ribosomal protein L40e from Sulfolobus solfataricus,"" BMRB publication.",,18218710,n
0.65190610429668,6786,http://www.bmrb.wisc.edu/data_library/generate_summary?6786,"Coudevylle, Nicolas; Antoine, Mathias; Boschi-Muller, Sandrine; Branlant, Guy; Cung, Manh-Thong; ""1H, 13C and 15N Resonance Assignment of an Oxidized form Cys(51)-Cys(198) of Methionine Sulfoxide Reductase A from Escherichia Coli,"" J. Biomol. NMR 36, Suppl. 5, 19-19 (2006).",,16505957,y,1,1,,,"(BRMB OR ""Biological Magnetic Resonance Data Bank"") AND 6786 -patents ",0
0.65227692049272,6481,http://www.bmrb.wisc.edu/data_library/generate_summary?6481,"Banci, L.; Bertini, I.; Cantini, F.; Migliardi, M.; Rosato, A.; Wang, S.; ""An Atomic-level Investigation of the Disease-causing A629P Mutant of the Menkes Protein, ATP7A.,"" J. Mol. Biol. 352, 2, 409-417 (2005).    ",,16083905,y,1,24,,,"(BRMB OR ""Biological Magnetic Resonance Data Bank"") AND 6481 -patents ",0
0.65565370841464,6721,http://www.bmrb.wisc.edu/data_library/generate_summary?6721,"Kato, Y.; Hino, Y.; Nagata, K.; Tanokura, M.; ""Solution structure and binding specificity of FBP11/HYPA WW domain as Group-II/III,"" Proteins 63, 1, 227-234 (2006).    ",,16463264,y,1,6,,,"(BRMB OR ""Biological Magnetic Resonance Data Bank"") AND 6721 -patents ",14
0.65699197534707,6753,http://www.bmrb.wisc.edu/data_library/generate_summary?6753,"Yan, Jing; Wen, Wenyu; Xu, Weiguang; Long, Jia-fu; Adams, Marvin, E.; Froehner, Stanley, C.; Zhang, Mingjie; ""Structure of the split PH domain and distinct lipid-binding properties of the PH-PDZ supramodule of alpha-syntrophin.,"" EMBO J. 24, 23, 3985-3995 (2005).    ",,16252003,y,1,20,,,"(BRMB OR ""Biological Magnetic Resonance Data Bank"") AND 6753 -patents ",0
0.66555973461918,6655,http://www.bmrb.wisc.edu/data_library/generate_summary?6655,"Moller, Heiko, M.; Martinez-Yamout, Maria, A.; Dyson, H., Jane; Wright, Peter, E.; ""Solution Structure of the N-terminal Zinc Fingers of the Xenopus laevis double-stranded RNA-binding Protein ZFa.,"" J. Mol. Biol. 351, 4, 718-730 (2005).    ",,16051273,y,1,8,,,"(BRMB OR ""Biological Magnetic Resonance Data Bank"") AND 6655 -patents ",1
0.66609730048581,6771,http://www.bmrb.wisc.edu/data_library/generate_summary?6771,"Newlove, T.; Atkinson, K., R.; Van Dorn, L., O.; Cordes, M., H.; ""A trade between similar but nonequivalent intrasubunit and intersubunit contacts in cro dimer evolution,"" Biochemistry 45, 20, 6379-6391 (2006).    ",,16700549,y,1,5,,,"(BRMB OR ""Biological Magnetic Resonance Data Bank"") AND 6771 -patents ",1
0.666558799002,6740,http://www.bmrb.wisc.edu/data_library/generate_summary?6740,"Gibbs, G., M.; Scanlon, M., J.; Swarbrick, J., D.; Curtis, S.; Gallant, E.; Dulhunty, A., F.; O'Bryan, M., K.; ""The cysteine-rich secretory protein domain of Tpx-1 is related to ion channel toxins and regulates ryanodine receptor Ca2+ signalling,"" J. Biol. Chem. 281, 7, 4156-4163 (2006).    ",,16339766,y,1,31,,,"(BRMB OR ""Biological Magnetic Resonance Data Bank"") AND 6740 -patents ",0
0.6714852954718,6454,http://www.bmrb.wisc.edu/data_library/generate_summary?6454,"Yao, Yong; Martinez-Yamout, Maria, A.; Dyson, H., Jane; ""Letter to the Editor: Backbone and side chain 1H, 13C and 15N assignments for Escherichia coli SdiA1-171, the autoinducer-binding domain of a quorum sensing protein,"" J. Biomol. NMR 31, 4, 373-374 (2005).    ",,15929010,y,1,5,,,"(BRMB OR ""Biological Magnetic Resonance Data Bank"") AND 6454 -patents ",0
0.6856099957182,6457,http://www.bmrb.wisc.edu/data_library/generate_summary?6457,"Cornilescu, Gabriel; Marquardt, John, L.; Ottiger, Marcel; Bax, Ad; ""Validation of Protein Structure from Anisotropic Carbonyl Chemical Shifts in a Dilute Liquid Crystalline Phase,"" J. Am. Chem. Soc. 120, 6836-6837 (1998).
",10.1021/ja9812610,,y,1,412,,,"(BRMB OR ""Biological Magnetic Resonance Data Bank"") AND 6457 -patents ",3
0.69223538651754,6570,http://www.bmrb.wisc.edu/data_library/generate_summary?6570,"Wiesner, Silke; Hantschel, Oliver; Mackereth, Cameron, D.; Superti-Furga, Giulio; Sattler, Michael; ""NMR Assignment Reveals an alpha-Helical Fold for the F-Actin Binding Domain of Human Bcr-Abl/c-Abl,"" J. Biomol. NMR 32, 4, 335-335 (2005).    ",,16211486,y,1,2,,,"(BRMB OR ""Biological Magnetic Resonance Data Bank"") AND 6570 -patents ",2
0.72590754679639,6649,http://www.bmrb.wisc.edu/data_library/generate_summary?6649,"Mishima, M.; Shida, T.; Yabuki, K.; Kato, K.; Sekiguchi, J.; Kojima, C.; ""Solution structure of the peptidoglycan binding domain of Bacillus subtilis cell wall lytic enzyme CwlC: characterization of the sporulation-related repeats by NMR.,"" Biochemistry 44, 30, 10153-10163 (2005).    ",,16042392,y,1,9,,,"(BRMB OR ""Biological Magnetic Resonance Data Bank"") AND 6649 -patents ",1
0.72970905221925,6594,http://www.bmrb.wisc.edu/data_library/generate_summary?6594,"Mertens, H., D.T.; Callaghan, J., M.; Swarbrick, J., D.; McConville, M., J.; Gooley, P., R.; ""A high-resolution solution structure of a trypanosomatid FYVE domain,"" Protein Sci. 16, 11, 2552-2559 (2007).",,17905827,y,1,1,,,"(BRMB OR ""Biological Magnetic Resonance Data Bank"") AND 6594 -patents ",0
0.73337443354186,6596,http://www.bmrb.wisc.edu/data_library/generate_summary?6596,"Chen, B.; Colgrave, M., L.; Daly, N., L.; Rosengren, K., J.; Gustafson, K., R.; Craik, D., J.; ""Isolation and characterisation of novel cyclotides from Viola hederaceae: solution structure and anti-HIV activity of vhl-1, a leaf-specific-expressed cyclotide,"" J. Biol. Chem. 280, 23, 22395-22405 (2005).   ",,15824119,y,1,32,,,"(BRMB OR ""Biological Magnetic Resonance Data Bank"") AND 6596 -patents ",0
0.74911391584626,6877,http://www.bmrb.wisc.edu/data_library/generate_summary?6877,"Cicero, Daniel, O.; Nadra, Alejandro, D.; Eliseo, Tommaso; Dellarole, Mariano; Paci, Maurizio; de Prat-Gay, Gonzalo; ""Structural and Thermodynamic Basis for the Enhanced Transcriptional Control by the Human Papillomavirus Strain-16 E2 Protein,"" Biochemistry 45, 21, 6551-6560 (2006).   ",,16716065,y,1,19,,,"(BRMB OR ""Biological Magnetic Resonance Data Bank"") AND 6877 -patents ",0
0.74998450424831,6739,http://www.bmrb.wisc.edu/data_library/generate_summary?6739,"Ferguson, A., D.; Labunskyy, V., M.; Fomenko, D., E.; Arac, D.; Chelliah, Y.; Amezcua, C., A.; Rizo, J.; Gladyshev, V., N.; Deisenhofer, J.; ""NMR structures of the selenoproteins Sep15 and SelM reveal redox activity of new thioredoxin-like family.,"" J. Biol. Chem. (2005).    ",,16319061,y,1,2,,,"(BRMB OR ""Biological Magnetic Resonance Data Bank"") AND 6739 -patents ",0
0.75508763584791,6709,http://www.bmrb.wisc.edu/data_library/generate_summary?6709,"Beaufils, Chrystel; Neiers, Fabrice; Coudevylle, Nicolas; Boschi-Muller, Sandrine; Averlant-Petit, Marie-Christine; Branlant, Guy; Cung, Manh-Thong; ""1H, 13C and 15N Resonance Assignment of the N-terminal Domain of PilB from Neisseria Meningitidis,"" J. Biomol. NMR 36, Suppl. 5, 6-6 (2006).    ",,16424993,y,1,3,,,"(BRMB OR ""Biological Magnetic Resonance Data Bank"") AND 6709 -patents ",0
0.76378138086461,6478,http://www.bmrb.wisc.edu/data_library/generate_summary?6478,"Coles, Murray; Djuranovic, Sergej; Soding, Johannes; Frickey, Tancred; Koretke, Kristin; Truffault, Vincent; Martin, Joerg; Lupas, Andrei, N.; ""AbrB-like Transcription Factors Assume a Swapped Hairpin Fold that Is Evolutionarily Related to Double-Psi beta Barrels,"" Structure (Camb) 13, 6, 919-928 (2005).    ",,15939023,y,1,25,,,"(BRMB OR ""Biological Magnetic Resonance Data Bank"") AND 6478 -patents ",1
0.76613417965093,6712,http://www.bmrb.wisc.edu/data_library/generate_summary?6712,"Jenkins, Huw, T.; Mark, Linda; Ball, Graeme; Persson, Jenny; Lindahl, Gunnar; Uhrin, Dusan; Blom, Anna, M.; Barlow, Paul, N.; ""Human C4b-binding protein, structural basis for interaction with Streptococcal M protein, a major bacterial virulence factor,"" J. Biol. Chem. 281, 6, 3690-3697 (2005).   ",,16330538,n
0.77040274877781,6779,http://www.bmrb.wisc.edu/data_library/generate_summary?6779,"Nishiyama, M.; Horst, R.; Herrmann, R.; Vetsch, M.; Bettendorff, P.; Ignatov, O.; Grutter, M.; Wuthrich, K.; Glockshuber, R.; Capitani, G.; ""Structural basis of chaperone-subunit complex recognition by type 1 pilus assembly platform FimD,"" EMBO J. 24, 12, 2075-2086 (2005).    ",,15920478,y,1,42,,,"(BRMB OR ""Biological Magnetic Resonance Data Bank"") AND 6779 -patents ",0
0.79162409900925,6475,http://www.bmrb.wisc.edu/data_library/generate_summary?6475,"Tunnicliffe, Richard, B; Bolam, David, N; Pell, Gavin; Gilbert, Harry, J; Williamson, Mike, P; ""Structure of a Mannan-specific Family 35 Carbohydrate-Binding Module: Evidence for Significant Conformational Changes upon Ligand Binding,"" J. Mol. Biol. 347, 2, 287-296 (2005).    ",,15740741,y,1,18,,,"(BRMB OR ""Biological Magnetic Resonance Data Bank"") AND 6475 -patents ",0
0.79772220801456,6645,http://www.bmrb.wisc.edu/data_library/generate_summary?6645,"Binbuga, Bulent; Young, John, K.; ""1H, 13C and 15N backbone and side chain resonance assignments of Haloferax volcanii DHFR1,"" J. Biomol. NMR 33, 4, 281-281 (2005).    ",,16341756,y,1,4,,,"(BRMB OR ""Biological Magnetic Resonance Data Bank"") AND 6645 -patents ",0
0.79936034025482,6476,http://www.bmrb.wisc.edu/data_library/generate_summary?6476,"Sanderson, Andrew; Stott, Katherine; Stevens, Timothy, J.; Thomas, Jean, O.; ""Engineering the structural stability and functional properties of the GI domain into the intrinsically unfolded GII domain of the yeast linker histone Hho1p.,"" J. Mol. Biol. 349, 3, 608-620 (2005).    ",,15878177,y,1,4,,,"(BRMB OR ""Biological Magnetic Resonance Data Bank"") AND 6476 -patents ",0
0.81535988453939,6642,http://www.bmrb.wisc.edu/data_library/generate_summary?6642,"Ragona, Laura; Catalano, Maddalena; Luppi, Marianna; Cicero, Daniel; Eliseo, Tommaso; Foote, Jefferson; Fogolari, Federico; Zetta, Lucia; Molinari, Henriette; ""NMR dynamic studies suggest that allosteric activation regulates ligand binding in chicken liver bile acid binding protein,"" J. Biol. Chem. 281, 14, 9697-9709 (2006).    ",,16439356,y,1,23,,,"(BRMB OR ""Biological Magnetic Resonance Data Bank"") AND 6642 -patents ",1
0.82663982172761,6626,http://www.bmrb.wisc.edu/data_library/generate_summary?6626,"Perry, Andrew, J.; Hulett, Joanne, M.; Lithgow, Trevor; Gooley, Paul, R.; ""1H, 13C and 15N Resonance Assignments of the Cytosolic Domain of Tom20 from Arabidopsis thaliana,"" J. Biomol. NMR 33, 3, 198-198 (2005).",,16331427,y,1,3,,,"(BRMB OR ""Biological Magnetic Resonance Data Bank"") AND 6626 -patents ",0
0.83158045137918,6587,http://www.bmrb.wisc.edu/data_library/generate_summary?6587,"Okon, Mark, S.; Frank, Philippe, G.; Marcel, Yves, L.; Cushley, Robert, J.; ""Heteronuclear NMR studies of human serum apolipoprotein A-I. Part I. Secondary structure in lipid-mimetic solution,"" FEBS Lett. 517, 1-3, 139-143 (2002).    ",,12062424,y,1,18,,,"(BRMB OR ""Biological Magnetic Resonance Data Bank"") AND 6587 -patents ",0
0.83252201692002,6865,http://www.bmrb.wisc.edu/data_library/generate_summary?6865,"Tossavainen, Helena; Pihlajamaa, Tero; Huttunen, Toni, K.; Raulo, Erkki; Rauvala, Heikki; Permi, Perttu; Kilpelainen, Ilkka; ""The layered fold of the TSR domain of P. falciparum TRAP contains a heparin binding site,"" Protein Sci. 15, 7, 1760-1768 (2006).    ",,16815922,y,1,21,,,"(BRMB OR ""Biological Magnetic Resonance Data Bank"") AND 6865 -patents ",1
0.83490109968656,6610,http://www.bmrb.wisc.edu/data_library/generate_summary?6610,"Chae, Young Kee; Lee, Kyunghee; Markley, John, L.; ""1H, 15N and 13C Resonance Assignments of a Protein Involved in the Autophagy Process, At4g21980.1 from Arabidopsis thaliana,"" J. Biomol. NMR 32, 4, 337-337 (2005).    ",,16211491,y,1,1,,,"(BRMB OR ""Biological Magnetic Resonance Data Bank"") AND 6610 -patents ",0
0.83531518907674,6883,http://www.bmrb.wisc.edu/data_library/generate_summary?6883,"Park, Sunghyouk; Isaacson, Rivka; Kim, P.; Silver, Pamela; Wagner, Gerhard; ""Ufd1 exhibits the AAA-ATPase fold with two distinct ubiquitin interaction sites,"" Structure 13, 7, 995-1005 (2005).    ",,16004872,y,1,30,,,"(BRMB OR ""Biological Magnetic Resonance Data Bank"") AND 6883 -patents ",0
0.83910909203965,6546,http://www.bmrb.wisc.edu/data_library/generate_summary?6546,"Liu, Gaohua; Aramini, James; Atreya, Hanudatta, S.; Eletski, Alexander; Xiao, Rong; Acton, Thomas, B.; Ma, LiChung; Montelione, Gaetano, T.; Szyperski, Thomas; ""GFT NMR based resonance assignment for the 21 kDa human protein UFC1,"" J. Biomol. NMR 32, 3, 261-261 (2005).    ",,16132835,y,1,6,,,"(BRMB OR ""Biological Magnetic Resonance Data Bank"") AND 6546 -patents ",1
0.84354968546819,6571,http://www.bmrb.wisc.edu/data_library/generate_summary?6571,"Mueller, Geoffrey, A.; Kirby, Thomas, W.; DeRose, Eugene, F.; Li, Dawei; Schaaper, Roel, M.; London, Robert, E.; ""Nuclear Magnetic Resonance Solution Structure of the Escherichia coli DNA Polymerase III {theta} Subunit.,"" J. Bacteriol. 187, 20, 7081-7089 (2005).    ",,16199579,y,1,9,,,"(BRMB OR ""Biological Magnetic Resonance Data Bank"") AND 6571 -patents ",1
0.85199989292717,6826,http://www.bmrb.wisc.edu/data_library/generate_summary?6826,"Bobay, Benjamin, G.; Mueller, Geoffery, A.; Thompson, Richele, J.; Murzin, Alexey, G.; Venters, Ronald, A.; Strauch, Mark, A.; Cavanagh, John; ""NMR structure of AbhN and comparison with AbrBN: First insights into the DNA-binding promiscuity and specificity of AbrB-like transition-state regulator proteins.,"" J. Biol. Chem. (2006).    ",,16702211,y,1,12,,,"(BRMB OR ""Biological Magnetic Resonance Data Bank"") AND 6826 -patents ",0
0.85249505341998,6908,http://www.bmrb.wisc.edu/data_library/generate_summary?6908,"Xie, Tao; Liu, Dongsheng; Feng, Yingang; Shan, Lu; Wang, Jinfeng; ""Folding stability and cooperativity of the three forms of 1-110 residues fragment of staphylococcal nuclease,"" Biophys. J. 92, 6, 2090-2107 (2007).    ",,17172296,y,1,6,,,"(BRMB OR ""Biological Magnetic Resonance Data Bank"") AND 6908 -patents ",0
0.86870868606346,6609,http://www.bmrb.wisc.edu/data_library/generate_summary?6609,"Gao, Yong-Guang; Song, Ai-Xin; Shi, Yan-Hong; Chang, Yong-Ghang; Liu, Shu-Xun; Yu, Yi-Zi; Cao, Xue-Tao; Lin, Dong-Hai; Hu, Hong-Yu; ""Solution structure of the ubiquitin-like domain of human DC-UbP from dendritic cells.,"" Protein Sci. 14, 8, 2044-2050 (2005).    ",,15987890,y,1,4,,,"(BRMB OR ""Biological Magnetic Resonance Data Bank"") AND 6609 -patents ",0
0.86893320903746,6824,http://www.bmrb.wisc.edu/data_library/generate_summary?6824,"Hanel, Karen; Stangler, Thomas; Stoldt, Matthias; Willbold, Dieter; ""Solution structure of the X4 protein coded by the SARS related coronavirus reveals an immunoglobulin like fold and suggests a binding activity to integrin I domains.,"" J. Biomed. Sci. 13, 3, 281-293 (2006).    ",,16328780,y,1,5,,,"(BRMB OR ""Biological Magnetic Resonance Data Bank"") AND 6824 -patents ",1
0.87883175931191,6680,http://www.bmrb.wisc.edu/data_library/generate_summary?6680,"He, Yanan; Yeh, D.; Alexander, Patrick; Bryan, Philip; Orban, John; ""Solution NMR structures of IgG binding domains with artificially evolved high levels of sequence identity but different folds,"" Biochemistry 44, 43, 14055-14061 (2005).    ",,16245921,y,1,9,,,"(BRMB OR ""Biological Magnetic Resonance Data Bank"") AND 6680 -patents ",1
0.88450776052323,6926,http://www.bmrb.wisc.edu/data_library/generate_summary?6926,"Song, Jikui; Carlberg, Inger; Lee, Min, S.; Markley, John, L.; ""Micelle-induced folding of spinach thylakoid soluble phosphoprotein of 9 kDa and its functional implications,"" Biochemistry 45, 51, 15633-15643 (2006).    ",,17176085,y,1,5,,,"(BRMB OR ""Biological Magnetic Resonance Data Bank"") AND 6926 -patents ",0
0.88628943194269,6715,http://www.bmrb.wisc.edu/data_library/generate_summary?6715,"Buck-Koehntop, B., A.; Mascioni, A.; Buffy, J., J.; Veglia, G.; ""Structure, Dynamics, and Membrane Topology of Stannin: A Mediator of Neuronal Cell Apoptosis Induced by Trimethyltin Chloride.,"" J. Mol. Biol. 354, 3, 652-665 (2005).    ",,16246365,y,1,15,,,"(BRMB OR ""Biological Magnetic Resonance Data Bank"") AND 6715 -patents ",0
0.90161775340424,6518,http://www.bmrb.wisc.edu/data_library/generate_summary?6518,"Cort, John, R.; Kennedy, Michael, A.; ""H,C,N Chemical Shift Assignments of A. vinosum DsrC,"" BMRB publication.
",,,n
0.91403263144806,6851,http://www.bmrb.wisc.edu/data_library/generate_summary?6851,"Das, Devashish; Tripsianes, Konstantinos; Jaspers, N.; Hoeijmakers, J.; Kaptein, R.; Boelens, R.; Folkers, G.; ""The HhH domain of the human DNA repair protein XPF forms stable homodimers.,"" Proteins 70, 4, 1551-1563 (2008).    ",,17912758,y,1,3,,,"(BRMB OR ""Biological Magnetic Resonance Data Bank"") AND 6851 -patents ",0
0.92313482720398,6590,http://www.bmrb.wisc.edu/data_library/generate_summary?6590,"Lee, Duck-Yeon; Rhee, Sue-Goo; Ferretti, James; Gruschus, James, M.; ""1H, 13C and 15N assignments of human sulfiredoxin,"" J. Biomol. NMR 32, 4, 339-339 (2005).
",,16211494,y,1,1,,,"(BRMB OR ""Biological Magnetic Resonance Data Bank"") AND 6590 -patents ",0
0.92637725184708,6705,http://www.bmrb.wisc.edu/data_library/generate_summary?6705,"Babini, Elena; Felli, Isabella, C.; Lelli, Moreno; Luchinat, Claudio; Pierattelli, Roberta; ""Backbone and Side-chains 1H, 13C and 15N NMR Assignment of Human beta-parvalbumin,"" J. Biomol. NMR 33, 2, 137-137 (2005).    ",,16258835,y,1,4,,,"(BRMB OR ""Biological Magnetic Resonance Data Bank"") AND 6705 -patents ",3
0.92843390744538,6693,http://www.bmrb.wisc.edu/data_library/generate_summary?6693,"Rossi, Paolo; Ramelot, Theresa; Xiao, Rong; Ho, Chi; Ma, Li-Chung; Acton, Thomas; Kennedy, Michael; Montelione, Gaetano; ""1H, 13C, and 15N Resonance Assignments for the Protein Coded by Gene Locus BB0938 of Bordetella bronchiseptica,"" J. Biomol. NMR 33, 3, 197-197 (2005).    ",,16331425,n
0.93545522421867,6527,http://www.bmrb.wisc.edu/data_library/generate_summary?6527,"Ilangovan, Udayar; Ding, Wei; Zhong, Yan; Wilson, Christina, L.; Groppe, Jay, C.; Trbovich, James, T.; Zuniga, Jorge; Demeler, Borries; Tang, Qian; Gao, Guofeng; Mulder, Kathleen, M.; Hinck, Andrew, P.; ""Structure and Dynamics of the Homodimeric Dynein Light Chain km23.,"" J. Mol. Biol. 352, 2, 338-354 (2005).    ",,16083906,y,1,17,,,"(BRMB OR ""Biological Magnetic Resonance Data Bank"") AND 6527 -patents ",1
0.94047037552991,6679,http://www.bmrb.wisc.edu/data_library/generate_summary?6679,"He, Yanan; Yeh, D.; Alexander, Patrick; Bryan, Philip; Orban, John; ""Solution NMR structures of IgG binding domains with artificially evolved high levels of sequence identity but different folds,"" Biochemistry 44, 43, 14055-14061 (2005).    ",,16245921,y,1,9,,,"(BRMB OR ""Biological Magnetic Resonance Data Bank"") AND 6679 -patents ",1
0.94255782910718,6900,http://www.bmrb.wisc.edu/data_library/generate_summary?6900,"Waters, Lorna, C.; Bohm, Maret; Veverka, Vaclav; Muskett, Frederick, W.; Frenkiel, Thomas, A.; Kelly, Geoffrey, P.; Prescott, Andrew; Dosanjh, Nuvjeevan, S.; Klempnauer, Karl-Heinz; Carr, Mark, D.; ""NMR Assignment and Secondary Structure Determination of the C-terminal MA-3 Domain of the Tumour Suppressor Protein Pdcd4,"" J. Biomol. NMR 36, Suppl. 5, 18-18 (2006).    ",,16518566,y,2,4,,,"(BRMB OR ""Biological Magnetic Resonance Data Bank"") AND 6900 -patents ",1
0.94302017040948,6821,http://www.bmrb.wisc.edu/data_library/generate_summary?6821,"Banci, L.; Bertini, I.; Cantini, F.; D'Amelio, N.; Gaggelli, E.; ""Human SOD1 before harboring the catalytic metal: Solution structure of copper depleted, disulfide reduced form,"" J. Biol. Chem. 281, 4, 2333-2337 (2006).    ",,16291742,y,1,25,,,"(BRMB OR ""Biological Magnetic Resonance Data Bank"") AND 6821 -patents ",0
0.94406683176762,6730,http://www.bmrb.wisc.edu/data_library/generate_summary?6730,"Nakamura, Fumihiko; Pudas, Regina; Heikkinen, Outi, K.; Permi, Perttu; Kilpelainen, Ilkka, A.; Munday, Adam, D.; Hartwig, John, H.; Stossel, Thomas, P.; Ylanne, Jari; ""The structure of the GPIb-filamin A complex,"" Blood 107, 5, 1925-1932 (2005).    ",,16293600,n
0.95584497652228,6575,http://www.bmrb.wisc.edu/data_library/generate_summary?6575,"Ran, Xiaoyuan; Song, Jianxing; ""Structural Insight into the Binding Diversity between the Tyr-phosphorylated Human EphrinBs and Nck2 SH2 Domain.,"" J. Biol. Chem. 280, 19, 19205-19212 (2005).
",,15764601,y,1,15,,,"(BRMB OR ""Biological Magnetic Resonance Data Bank"") AND 6575 -patents ",1
0.96721704348495,6531,http://www.bmrb.wisc.edu/data_library/generate_summary?6531,"Arnesano, F.; Banci, L.; Bertini, I.; Fantoni, A.; Tenori, L.; Viezzoli, M., S.; ""Structural interplay between calcium(II) and copper(II) binding to S100A13 protein.,"" Angew. Chem. Int. Ed. Engl. 44, 39, 6341-6344 (2005).   ",,16145699,y,2,18,,,"(BRMB OR ""Biological Magnetic Resonance Data Bank"") AND 6531 -patents ",0
0.97001710587317,6536,http://www.bmrb.wisc.edu/data_library/generate_summary?6536,"Zimmermann, Juergen; Freund, Christian; ""NMR assignment of the reduced and oxidized forms of the human ADAP hSH3-1 domain,"" J. Biomol. NMR 32, 1, 94-94 (2005).",10.1007/s10858-005-3984-1,,y,1,2,,,"(BRMB OR ""Biological Magnetic Resonance Data Bank"") AND 6536 -patents ",0
0.97282739322416,6538,http://www.bmrb.wisc.edu/data_library/generate_summary?6538,"Ames, J., B.; Vyas, V.; Lusin, J., D.; Mariuzza, R.; ""NMR Structure of the Natural Killer Cell Receptor 2B4 (CD244): Implications for Ligand Recognition,"" Biochemistry 44, 17, 6416-6423 (2005).    ",,15850375,y,1,8,,,"(BRMB OR ""Biological Magnetic Resonance Data Bank"") AND 6538 -patents ",0
0.98390863117891,6506,http://www.bmrb.wisc.edu/data_library/generate_summary?6506,"Bayrhuber, M.; Vijayan, V.; Ferber, M.; Graf, R.; Korukottu, J.; Imperial, J.; Garrett, J., E.; Olivera, B., M.; Terlau, H.; Zweckstetter, M.; Becker, S.; ""Conkunitzin-S1 Is the First Member of a New Kunitz-type Neurotoxin Family: STRUCTURAL AND FUNCTIONAL CHARACTERIZATION.,"" J. Biol. Chem. 280, 25, 23766-23770 (2005).    ",,15833744,y,1,25,,,"(BRMB OR ""Biological Magnetic Resonance Data Bank"") AND 6506 -patents ",1
0.98833914463473,6689,http://www.bmrb.wisc.edu/data_library/generate_summary?6689,"Yang, Ao; Miron, Simona; Duchambon, Patricia; Assairi, Liliane; Blouquit, Yves; Craescu, Constantin, T.; ""The N-terminal domain of human centrin 2 has a closed structure, binds calcium with a very low affinity, and plays a role in the protein self-assembly,"" Biochemistry 45, 3, 880-889 (2006).   ",,16411764,y,1,26,,,"(BRMB OR ""Biological Magnetic Resonance Data Bank"") AND 6689 -patents ",0
0.98913797391607,6555,http://www.bmrb.wisc.edu/data_library/generate_summary?6555,"Proudfoot, Michael; Sanders, Stephen, A.; Singer, Alex; Zhang, Rongguang; Brown, Greg; Binkowski, Andrew; Xu, Linda; Lukin, Jonathan, A.; Murzin, Alexey, G.; Joachimiak, Andrzej; Arrowsmith, Cheryl, H.; Edwards, Aled, M.; Savchenko, Alexei, V.; Yakunin, Alexander, F.; ""Biochemical and Structural Characterization of a Novel Family of Cystathionine beta-Synthase Domain Proteins Fused to a Zn Ribbon-Like Domain,"" J. Mol. Biol. 375, 1, 301-315 (2008).    ",,18021800,y,1,17,,,"(BRMB OR ""Biological Magnetic Resonance Data Bank"") AND 6555 -patents ",1
0.99517363193636,6816,http://www.bmrb.wisc.edu/data_library/generate_summary?6816,"Doucleff, M.; Malak, L., T.; Pelton, J., G.; Wemmer, D., E.; ""The C-terminal RpoN domain of sigma54 forms an unpredicted helix-turn-helix motif similar to domains of sigma70.,"" J. Biol. Chem. 280, 50, 41530-41536 (2005).    ",,16210314,y,1,10,,,"(BRMB OR ""Biological Magnetic Resonance Data Bank"") AND 6816 -patents ",2
,,,,,,,,,,,,77