ID,journal,issue,authors,title,other reference notes,article reference,in ISI Web of Science? (Y/N),How many merged citation records?,WoS Cited by how many?,COMMENTS,Dropbox filenames (for multiple files or multiple citations)
2,Biostatistics,January 2005 6 (1),Kevin Dobbin and Richard Simon,Sample size determination in microarray experiments for class comparison and prognostic classification,Biostat (2005) 6(1): 27-38 doi:10.1093/biostatistics/kxh015,Kevin Dobbin and Richard Simon. Sample size determination in microarray experiments for class comparison and prognostic classification. Biostatistics. January 2005 6 (1),y,1,52
3,Biostatistics,January 2005 6 (1),"Rickey E. Carter, Stuart R. Lipsitz, and Barbara C. Tilley
","Quasi-likelihood estimation for relative risk regression models
","Biostat (2005) 6(1): 39-44 doi:10.1093/biostatistics/kxh016
","Rickey E. Carter, Stuart R. Lipsitz, and Barbara C. Tilley
. Quasi-likelihood estimation for relative risk regression models
. Biostatistics. January 2005 6 (1)",y,1,14
4,Biostatistics,January 2005 6 (1),"Xiangqin Cui, J. T. Gene Hwang, Jing Qiu, Natalie J. Blades, and Gary A. Churchill
",Improved statistical tests for differential gene expression by shrinking variance components estimates,Biostat (2005) 6(1): 59-75 doi:10.1093/biostatistics/kxh018,"Xiangqin Cui, J. T. Gene Hwang, Jing Qiu, Natalie J. Blades, and Gary A. Churchill
. Improved statistical tests for differential gene expression by shrinking variance components estimates. Biostatistics. January 2005 6 (1)",y,1,183
5,Biostatistics,January 2005 6 (1),"Sin-Ho Jung, Heejung Bang, and Stanley Young
",Sample size calculation for multiple testing in microarray data analysis,Biostat (2005) 6(1): 157-169 doi:10.1093/biostatistics/kxh026,"Sin-Ho Jung, Heejung Bang, and Stanley Young
. Sample size calculation for multiple testing in microarray data analysis. Biostatistics. January 2005 6 (1)",y,1,30
6,Biostatistics,January 2005 6 (1),Michael P. Fay,Random marginal agreement coefficients: rethinking the adjustment for chance when measuring agreement,Biostat (2005) 6(1): 171-180 doi:10.1093/biostatistics/kxh027,Michael P. Fay. Random marginal agreement coefficients: rethinking the adjustment for chance when measuring agreement. Biostatistics. January 2005 6 (1),y,1,13
7,Biostatistics,April 2005 6 (2),Ina Hoeschele and Hua Li,A note on joint versus gene-specific mixed model analysis of microarray gene expression data,Biostat (2005) 6(2): 183-186 doi:10.1093/biostatistics/kxi001,Ina Hoeschele and Hua Li. A note on joint versus gene-specific mixed model analysis of microarray gene expression data. Biostatistics. April 2005 6 (2),y,1,4
8,Biostatistics,April 2005 6 (2),Binbing Yu and Joseph L. Gastwirth,Sensitivity analysis for trend tests: application to the risk of radiation exposure,"Biostat (2005) 6(2): 201-209 doi:10.1093/biostatistics/kxi003

",Binbing Yu and Joseph L. Gastwirth. Sensitivity analysis for trend tests: application to the risk of radiation exposure. Biostatistics. April 2005 6 (2),y,1,2
9,Biostatistics,April 2005 6 (2),"Brenda F. Kurland and Patrick J. Heagerty

",Directly parameterized regression conditioning on being alive: analysis of longitudinal data truncated by deaths,"Biostat (2005) 6(2): 241-258 doi:10.1093/biostatistics/kxi006
","Brenda F. Kurland and Patrick J. Heagerty

. Directly parameterized regression conditioning on being alive: analysis of longitudinal data truncated by deaths. Biostatistics. April 2005 6 (2)",y,1,17
10,Biostatistics,April 2005 6 (2),"Sonia Hernández, David O. Siegmund, and Mathisca de Gunst",On the power for linkage detection using a test based on scan statistics,"Biostat (2005) 6(2): 259-269 doi:10.1093/biostatistics/kxi007
","Sonia Hernández, David O. Siegmund, and Mathisca de Gunst. On the power for linkage detection using a test based on scan statistics. Biostatistics. April 2005 6 (2)",y,1,1
11,Biostatistics,April 2005 6 (2),Ola Hössjer,Conditional likelihood score functions for mixed models in linkage analysis,"Biostat (2005) 6(2): 313-332 doi:10.1093/biostatistics/kxi012
",Ola Hössjer. Conditional likelihood score functions for mixed models in linkage analysis. Biostatistics. April 2005 6 (2),y,1,7
12,Biostatistics,July 2005 6 (3),"Anne-Mette K. Hein, Sylvia Richardson, Helen C. Causton, Graeme K. Ambler, and Peter J. Green",BGX: a fully Bayesian integrated approach to the analysis of Affymetrix GeneChip data,Biostat (July 2005) 6(3): 349-373 doi:10.1093/biostatistics/kxi016,"Anne-Mette K. Hein, Sylvia Richardson, Helen C. Causton, Graeme K. Ambler, and Peter J. Green. BGX: a fully Bayesian integrated approach to the analysis of Affymetrix GeneChip data. Biostatistics. July 2005 6 (3)",y,1,21
13,Biostatistics,July 2005 6 (3),"M. Fiocco, H. Putter, and J. C. van Houwelingen",Reduced rank proportional hazards model for competing risks,"Biostat (July 2005) 6(3): 465-478 doi:10.1093/biostatistics/kxi022
","M. Fiocco, H. Putter, and J. C. van Houwelingen. Reduced rank proportional hazards model for competing risks. Biostatistics. July 2005 6 (3)",y,1,8
14,Biostatistics,October 2005 6 (4),Lars Ängquist and Ola Hössjer,Improving the calculation of statistical significance in genome-wide scans,"Biostat (October 2005) 6(4): 520-538 doi:10.1093/biostatistics/kxi025
",Lars Ängquist and Ola Hössjer. Improving the calculation of statistical significance in genome-wide scans. Biostatistics. October 2005 6 (4),y,1,3
15,Biostatistics,October 2005 6 (4),R. Mcnamee,Optimal design and efficiency of two-phase case–control studies with error-prone and error-free exposure measures,Biostat (October 2005) 6(4): 590-603 doi:10.1093/biostatistics/kxi029,R. Mcnamee. Optimal design and efficiency of two-phase case–control studies with error-prone and error-free exposure measures. Biostatistics. October 2005 6 (4),y,1,3
,,,,,,. . . 
16,Journal of Money Credit and Banking,February 2005 37 (1),"K. Alec Chrystal and Paul Mizen
","A Dynamic Model of Money, Credit, and Consumption: A Joint Model for the UK Household Sector",pp. 119-144,"K. Alec Chrystal and Paul Mizen
. A Dynamic Model of Money, Credit, and Consumption: A Joint Model for the UK Household Sector. Journal of Money Credit and Banking. February 2005 37 (1)",y,1,1
17,Journal of Money Credit and Banking,April 2005 37 (2),Glenn D. Rudebusch,"Assessing the Lucas Critique in Monetary Policy Models
",pp. 245-272,"Glenn D. Rudebusch. Assessing the Lucas Critique in Monetary Policy Models
. Journal of Money Credit and Banking. April 2005 37 (2)",y,1,24
18,Journal of Money Credit and Banking,April 2005 37 (2),"Mikael Apel, Richard Friberg, and Kerstin Hallsten
",Microfoundations of Macroeconomic Price Adjustment: Survey Evidence from Swedish Firms	,pp. 313-338,"Mikael Apel, Richard Friberg, and Kerstin Hallsten
. Microfoundations of Macroeconomic Price Adjustment: Survey Evidence from Swedish Firms	. Journal of Money Credit and Banking. April 2005 37 (2)",y,1,10
19,Journal of Money Credit and Banking,April 2005 37 (2),"Dogan Tirtiroglu, Kenneth N. Daniels, and Ercan Tirtiroglu ","Deregulation, Intensity of Competition, Industry Evolution, and the Productivity Growth of U.S. Commercial Banks ","pp. 339-362
","Dogan Tirtiroglu, Kenneth N. Daniels, and Ercan Tirtiroglu . Deregulation, Intensity of Competition, Industry Evolution, and the Productivity Growth of U.S. Commercial Banks . Journal of Money Credit and Banking. April 2005 37 (2)",y,1,1
20,Journal of Money Credit and Banking,June 2005 37 (3),"Lucio Sarno, Daniel L. Thornton, and Giorgio Valente, ",Federal Funds Rate Prediction ,"pp. 449-472

","Lucio Sarno, Daniel L. Thornton, and Giorgio Valente, . Federal Funds Rate Prediction . Journal of Money Credit and Banking. June 2005 37 (3)",y,1,5
21,Journal of Money Credit and Banking,June 2005 37 (3),"Michael W. McCracken and Stephen G. Sapp, 
",Evaluating the Predictability of Exchange Rates Using Long-Horizon Regressions: Mind Your p's and q's! ,pp. 473-494,"Michael W. McCracken and Stephen G. Sapp, 
. Evaluating the Predictability of Exchange Rates Using Long-Horizon Regressions: Mind Your p's and q's! . Journal of Money Credit and Banking. June 2005 37 (3)",y,1,4
22,Journal of Money Credit and Banking,June 2005 37 (3),Jan J.J. Groen, Exchange Rate Predictability and Monetary Fundamentals in a Small Multi-Country Panel ,"pp. 495-516
",Jan J.J. Groen.  Exchange Rate Predictability and Monetary Fundamentals in a Small Multi-Country Panel . Journal of Money Credit and Banking. June 2005 37 (3),y,1,4
23,Journal of Money Credit and Banking,June 2005 37 (3),Ray Yeutien Chou ,Forecasting Financial Volatilities with Extreme Values: The Conditional Autoregressive Range (CARR) Model ,pp. 561-582,Ray Yeutien Chou . Forecasting Financial Volatilities with Extreme Values: The Conditional Autoregressive Range (CARR) Model . Journal of Money Credit and Banking. June 2005 37 (3),y,1,23
24,Journal of Money Credit and Banking,August 2005 37 (4),Ellen E. Meade and D. Nathan Sheets,Regional Influences on FOMC Voting Patterns,pp. 661-678,Ellen E. Meade and D. Nathan Sheets. Regional Influences on FOMC Voting Patterns. Journal of Money Credit and Banking. August 2005 37 (4),y,1,15
25,Journal of Money Credit and Banking,August 2005 37 (4),Alan C. Hess and Avraham Kamara,Conditional Time-Varying Interest Rate Risk Premium: Evidence from the Treasury Bill Futures Market,pp. 679,Alan C. Hess and Avraham Kamara. Conditional Time-Varying Interest Rate Risk Premium: Evidence from the Treasury Bill Futures Market. Journal of Money Credit and Banking. August 2005 37 (4),y,1,2
26,Journal of Money Credit and Banking,August 2005 37 (4),"Huw Lloyd-Ellis, Shiqiang Zhan, and Xiaodong Zhu",Tax Smoothing with Stochastic Interest Rates: A Reassessment of Clinton's Fiscal Legacy,pp. 699-724,"Huw Lloyd-Ellis, Shiqiang Zhan, and Xiaodong Zhu. Tax Smoothing with Stochastic Interest Rates: A Reassessment of Clinton's Fiscal Legacy. Journal of Money Credit and Banking. August 2005 37 (4)",y,1,1
27,Journal of Money Credit and Banking,August 2005 37 (4),Michael M. Hutchison and Ilan Noy,How Bad Are Twins? Output Costs of urrency and Banking Crises,"pp. 725-752
",Michael M. Hutchison and Ilan Noy. How Bad Are Twins? Output Costs of urrency and Banking Crises. Journal of Money Credit and Banking. August 2005 37 (4),y,1,17
28,Journal of Money Credit and Banking,August 2005 37 (4),"Ali Anari, James Kolari, and Joseph Mason",Bank Asset Liquidation and the Propagation of the U.S. Grat Depression,pp. 753-774,"Ali Anari, James Kolari, and Joseph Mason. Bank Asset Liquidation and the Propagation of the U.S. Grat Depression. Journal of Money Credit and Banking. August 2005 37 (4)",y,1,8
29,Journal of Money Credit and Banking,October 2005 37 (5),Alan S. Blinder and John Morgan,Are Two Heads Better Than One? Monetary Policy by Committee,pp. 789-812,Alan S. Blinder and John Morgan. Are Two Heads Better Than One? Monetary Policy by Committee. Journal of Money Credit and Banking. October 2005 37 (5),y,1,33
30,Journal of Money Credit and Banking,October 2005 37 (5),Ming Chien Lo and Jeremy Piger,Is the Response of Output to Monetary Policy Asymmetric? Evidence from a Regime-Switching Coefficients Model,pp. 865-886,Ming Chien Lo and Jeremy Piger. Is the Response of Output to Monetary Policy Asymmetric? Evidence from a Regime-Switching Coefficients Model. Journal of Money Credit and Banking. October 2005 37 (5),y,1,5
31,Journal of Money Credit and Banking,October 2005 37 (5),David E. Rapach and Mark E. Wohar,Regime Changes in International Real Interest Rates: Are They a Monetary Phenomenon?, pp. 887-906,David E. Rapach and Mark E. Wohar. Regime Changes in International Real Interest Rates: Are They a Monetary Phenomenon?. Journal of Money Credit and Banking. October 2005 37 (5),y,1,20
32,Journal of Money Credit and Banking,December 2005 37 (6),Katherine S. Neiss and Edward Nelson,"Inflation Dynamics, Marginal Cost, and the Output Gap: Evidence from Three Countries",pp. 1019-1045,"Katherine S. Neiss and Edward Nelson. Inflation Dynamics, Marginal Cost, and the Output Gap: Evidence from Three Countries. Journal of Money Credit and Banking. December 2005 37 (6)",y,1,8
,,,,,,. . . 
33,Systematic Biology,February 2005 54 (1),"A. P. Vogler, A. Cardoso, T. G. Barraclough
","Exploring rate variation among and within sites in a densely sampled species tree: species level phylogenetics of North American tiger beetles (genus Cicindela)
",,"A. P. Vogler, A. Cardoso, T. G. Barraclough
. Exploring rate variation among and within sites in a densely sampled species tree: species level phylogenetics of North American tiger beetles (genus Cicindela)
. Systematic Biology. February 2005 54 (1)",y,1,16
34,Systematic Biology,February 2005 54 (1),"Y.M. Yuan, S. Wolhauser, M. Möller, J. Klackenberg, M.W. Callmaander, P. Küpfer
","Phylogeny and biogeography of Exacum (Gentianaceae): a disjunctive distribution in the Indian Oceaan basin resulting from long distance dispersal and extensive radiation
",,"Y.M. Yuan, S. Wolhauser, M. Möller, J. Klackenberg, M.W. Callmaander, P. Küpfer
. Phylogeny and biogeography of Exacum (Gentianaceae): a disjunctive distribution in the Indian Oceaan basin resulting from long distance dispersal and extensive radiation
. Systematic Biology. February 2005 54 (1)",y,1,34
35,Systematic Biology,February 2005 54 (1),"K. G. McCracken and M. D. Sorenson
","Is homoplasy or lineage sorting the source of incongruent mtDNA and nuclear gene trees in the Stiff-Tailed Ducks (Nomonyx-Oxyura)
",,"K. G. McCracken and M. D. Sorenson
. Is homoplasy or lineage sorting the source of incongruent mtDNA and nuclear gene trees in the Stiff-Tailed Ducks (Nomonyx-Oxyura)
. Systematic Biology. February 2005 54 (1)",y,1,54
36,Systematic Biology,February 2005 54 (1),"R. C. Winkworeth, D. Bryant, P. J. Lockhart, D. Havell, and V. Moulton","Biogeographic interpretation of splits graphs: least squares optimisation of branch lengths
",,"R. C. Winkworeth, D. Bryant, P. J. Lockhart, D. Havell, and V. Moulton. Biogeographic interpretation of splits graphs: least squares optimisation of branch lengths
. Systematic Biology. February 2005 54 (1)",y,1,17
37,Systematic Biology,February 2005 54 (1),"T. Sasaki, M. Nikaido, H. Hamilton, M. Goto, H. Kato, N. Kanda, L. A. Pastene, Y. Cao, R. E. Fordyce, M. Hasegawa, and N. Okada
",Mitochondrial phylogenetics and evolution of mysticete whales,,"T. Sasaki, M. Nikaido, H. Hamilton, M. Goto, H. Kato, N. Kanda, L. A. Pastene, Y. Cao, R. E. Fordyce, M. Hasegawa, and N. Okada
. Mitochondrial phylogenetics and evolution of mysticete whales. Systematic Biology. February 2005 54 (1)",y,1,46
38,Systematic Biology,February 2005 54 (1),"K. Roelants and F. Bossuyt
","Archaeobactrachian paraphyly and Pangaean diversification of crown-group frogs
",,"K. Roelants and F. Bossuyt
. Archaeobactrachian paraphyly and Pangaean diversification of crown-group frogs
. Systematic Biology. February 2005 54 (1)",y,1,58
39,Systematic Biology,April 2005 54(2) ,"JEROME C. REGIER, ULRICH PAUKSTADT, LAELA H. PAUKSTADT, CHARLES MITTER, RICHARD S. PEIGLER",Phylogenetics of Eggshell Morphogenesis in Antheraea (Lepidoptera: Saturniidae): Unique Origin and Repeated Reduction of the Aeropyle Crown,"doi:10.1080/10635150590923281
","JEROME C. REGIER, ULRICH PAUKSTADT, LAELA H. PAUKSTADT, CHARLES MITTER, RICHARD S. PEIGLER. Phylogenetics of Eggshell Morphogenesis in Antheraea (Lepidoptera: Saturniidae): Unique Origin and Repeated Reduction of the Aeropyle Crown. Systematic Biology. April 2005 54(2) ",y,1,5
40,Systematic Biology,June 2005 54(3),"Matthew C. Brandley, Andreas Schmitz, Tod W. Reeder
","Partitioned Bayesian Analyses, Partition Choice, and the Phylogenetic Relationships of Scincid Lizards
","doi: 10.1080/10635150590946808
","Matthew C. Brandley, Andreas Schmitz, Tod W. Reeder
. Partitioned Bayesian Analyses, Partition Choice, and the Phylogenetic Relationships of Scincid Lizards
. Systematic Biology. June 2005 54(3)",y,1,269
41,Systematic Biology,June 2005 54(3),"Peng Zhang, Hui Zhou, Yue-Qin Chen, Yi-Fei Liu, Liang-Hu Qu
","Mitogenomic Perspectives on the Origin and Phylogeny of Living Amphibians
","doi:10.1080/10635150590945278
","Peng Zhang, Hui Zhou, Yue-Qin Chen, Yi-Fei Liu, Liang-Hu Qu
. Mitogenomic Perspectives on the Origin and Phylogeny of Living Amphibians
. Systematic Biology. June 2005 54(3)",y,1,44
42,Systematic Biology,June 2005 54(3),"Ziheng Yang and Bruce Rannala
","Branch-Length Prior Influences Bayesian Posterior Probability of Phylogeny
","doi:10.1080/10635150590945313
","Ziheng Yang and Bruce Rannala
. Branch-Length Prior Influences Bayesian Posterior Probability of Phylogeny
. Systematic Biology. June 2005 54(3)",y,1,72
43,Systematic Biology,"54(3) August 2005
",Robert V. Hill,"Integration of Morphological Data Sets for Phylogenetic Analysis of Amniota: The Importance of Integumentary Characters and Increased Taxonomic Sampling
","doi:10.1080/10635150590950326
","Robert V. Hill. Integration of Morphological Data Sets for Phylogenetic Analysis of Amniota: The Importance of Integumentary Characters and Increased Taxonomic Sampling
. Systematic Biology. 54(3) August 2005
",y,1,48
44,Systematic Biology,"54(3) August 2005
","Matt Lavin, Patrick S. Herendeen, Martin F. Wojciechowski","Evolutionary Rates Analysis of Leguminosae Implicates a Rapid Diversification of Lineages during the Tertiary
","Syst Biol (2005) 54 (4): 575-594.
doi:10.1080/10635150590947131
","Matt Lavin, Patrick S. Herendeen, Martin F. Wojciechowski. Evolutionary Rates Analysis of Leguminosae Implicates a Rapid Diversification of Lineages during the Tertiary
. Systematic Biology. 54(3) August 2005
",y,1,120
45,Systematic Biology,"54(3) August 2005
","Martyn Kennedy, Barbara R. Holland, Russell D. Gray, Hamish G. Spencer
","Untangling Long Branches: Identifying Conflicting Phylogenetic Signals Using Spectral Analysis, Neighbor-Net, and Consensus Networks
","doi:10.1080/106351591007462
","Martyn Kennedy, Barbara R. Holland, Russell D. Gray, Hamish G. Spencer
. Untangling Long Branches: Identifying Conflicting Phylogenetic Signals Using Spectral Analysis, Neighbor-Net, and Consensus Networks
. Systematic Biology. 54(3) August 2005
",y,1,24
46,Systematic Biology,"54(3) August 2005
","Regina L. Cunha, Rita Castilho, Lukas Rüber, Rafael Zardoya
","Patterns of Cladogenesis in the Venomous Marine Gastropod Genus Conus from the Cape Verde Islands
","doi:10.1080/106351591007471
","Regina L. Cunha, Rita Castilho, Lukas Rüber, Rafael Zardoya
. Patterns of Cladogenesis in the Venomous Marine Gastropod Genus Conus from the Cape Verde Islands
. Systematic Biology. 54(3) August 2005
",y,1,9
47,Systematic Biology,"54(3) August 2005
",Dennis V. Lavrov and B. Franz Lang,"Poriferan mtDNA and Animal Phylogeny Based on Mitochondrial Gene Arrangements 
","doi:10.1080/10635150500221044
","Dennis V. Lavrov and B. Franz Lang. Poriferan mtDNA and Animal Phylogeny Based on Mitochondrial Gene Arrangements 
. Systematic Biology. 54(3) August 2005
",y,1,32
48,Systematic Biology,October 2005 54(5) ,"Alexandra H. Wortley, Paula J. Rudall, David J. Harris, Robert W. Scotland
","How Much Data are Needed to Resolve a Difficult Phylogeny? Case Study in Lamiales 
","doi:10.1080/10635150500221028
","Alexandra H. Wortley, Paula J. Rudall, David J. Harris, Robert W. Scotland
. How Much Data are Needed to Resolve a Difficult Phylogeny? Case Study in Lamiales 
. Systematic Biology. October 2005 54(5) ",y,2,3
49,Systematic Biology,October 2005 54(5) ,"Tine Huyse and Filip A. M. Volckaert
","Comparing Host and Parasite Phylogenies: Gyrodactylus Flatworms Jumping from Goby to Goby 
","doi:10.1080/10635150500221036
","Tine Huyse and Filip A. M. Volckaert
. Comparing Host and Parasite Phylogenies: Gyrodactylus Flatworms Jumping from Goby to Goby 
. Systematic Biology. October 2005 54(5) ",y,1,19
50,Systematic Biology,October 2005 54(5) ,"Céline Poux, Ole Madsen, Elisabeth Marquard, David R. Vieites, Wilfried W. de Jong, Miguel Vences","Asynchronous Colonization of Madagascar by the Four Endemic Clades of Primates, Tenrecs, Carnivores, and Rodents as Inferred from Nuclear Genes 
","Syst Biol (2005) 54 (5): 719-730.
doi:10.1080/10635150500234534
","Céline Poux, Ole Madsen, Elisabeth Marquard, David R. Vieites, Wilfried W. de Jong, Miguel Vences. Asynchronous Colonization of Madagascar by the Four Endemic Clades of Primates, Tenrecs, Carnivores, and Rodents as Inferred from Nuclear Genes 
. Systematic Biology. October 2005 54(5) ",n
51,Systematic Biology,October 2005 54(5) ,"Henner Brinkmann, Mark van der Giezen, Yan Zhou, Gaëtan Poncelin de Raucourt, Hervé Philippe
","An Empirical Assessment of Long-Branch Attraction Artefacts in Deep Eukaryotic Phylogenomics 
","doi:10.1080/10635150500234609
","Henner Brinkmann, Mark van der Giezen, Yan Zhou, Gaëtan Poncelin de Raucourt, Hervé Philippe
. An Empirical Assessment of Long-Branch Attraction Artefacts in Deep Eukaryotic Phylogenomics 
. Systematic Biology. October 2005 54(5) ",y,1,1
52,Systematic Biology,October 2005 54(5) ,"David W. Weisrock, Luke J. Harmon, Allan Larson","
Resolving Deep Phylogenetic Relationships in Salamanders: Analyses of Mitochondrial and Nuclear Genomic Data
","Syst Biol (2005) 54 (5): 758-777.
doi:10.1080/10635150500234641
","David W. Weisrock, Luke J. Harmon, Allan Larson. 
Resolving Deep Phylogenetic Relationships in Salamanders: Analyses of Mitochondrial and Nuclear Genomic Data
. Systematic Biology. October 2005 54(5) ",n
53,Systematic Biology,October 2005 54(5) ,"John J. Wiens, James W. Fetzner, Christopher L. Parkinson, Tod W. Reeder
","Hylid Frog Phylogeny and Sampling Strategies for Speciose Clades
","Syst Biol (2005) 54 (5): 778-807.
doi:10.1080/10635150500234625
","John J. Wiens, James W. Fetzner, Christopher L. Parkinson, Tod W. Reeder
. Hylid Frog Phylogeny and Sampling Strategies for Speciose Clades
. Systematic Biology. October 2005 54(5) ",y,1,10
54,Systematic Biology,October 2005 54(5) ,"Fengrong Ren, Hiroshi Tanaka, Ziheng Yang
","An Empirical Examination of the Utility of Codon-Substitution Models in Phylogeny Reconstruction
","Syst Biol (2005) 54 (6): 936-947.
doi:10.1080/10635150500354688
","Fengrong Ren, Hiroshi Tanaka, Ziheng Yang
. An Empirical Examination of the Utility of Codon-Substitution Models in Phylogeny Reconstruction
. Systematic Biology. October 2005 54(5) ",n
55,Systematic Biology,"December 2005 54(6)
","Philippe Gaubert, W. Chris Wozencraft, Pedro Cordeiro-Estrela, Géraldine Veron
","Mosaics of Convergences and Noise in Morphological Phylogenies: What's in a Viverrid-Like Carnivoran?
","Syst Biol (2005) 54 (6): 865-894.
doi:10.1080/10635150500232769
","Philippe Gaubert, W. Chris Wozencraft, Pedro Cordeiro-Estrela, Géraldine Veron
. Mosaics of Convergences and Noise in Morphological Phylogenies: What's in a Viverrid-Like Carnivoran?
. Systematic Biology. December 2005 54(6)
",n
56,Systematic Biology,"December 2005 54(6)
","Casey W. Dunn, Philip R. Pugh, Steven H. D. Haddock","Molecular Phylogenetics of the Siphonophora (Cnidaria), with Implications for the Evolution of Functional Specialization","
doi:10.1080/10635150500354837
","Casey W. Dunn, Philip R. Pugh, Steven H. D. Haddock. Molecular Phylogenetics of the Siphonophora (Cnidaria), with Implications for the Evolution of Functional Specialization. Systematic Biology. December 2005 54(6)
",y,1,22
57,Systematic Biology,"December 2005 54(6)
","Louise A. Lewis and Paul O. Lewis
","Unearthing the Molecular Phylodiversity of Desert Soil Green Algae (Chlorophyta)
","Syst Biol (2005) 54 (6): 936-947.
doi:10.1080/10635150500354852","Louise A. Lewis and Paul O. Lewis
. Unearthing the Molecular Phylodiversity of Desert Soil Green Algae (Chlorophyta)
. Systematic Biology. December 2005 54(6)
",n,,,"on ISI, only found year:2005, vol:54: page:241 DOI 10.1080/10635150590924208	"
,,,,,,. . . 
58,Journal of Applied Econometrics,"Volume 20, Number 1, 2005
",Bart Cockx and Muriel Dejemeppe,Duration Dependence in the Exit Rate out of Unemployment in Belgium. Is it True or Spurious?,"Journal of Applied Econometrics, Vol. 20, No. 1, 2005, pp. 1-23.
","Bart Cockx and Muriel Dejemeppe. Duration Dependence in the Exit Rate out of Unemployment in Belgium. Is it True or Spurious?. Journal of Applied Econometrics. Volume 20, Number 1, 2005
",y,1,3
59,Journal of Applied Econometrics,"Volume 20, Number 1, 2005
",Robert Sollis,Evidence on Purchasing Power Parity from Univariate Models: The Case of Smooth Transition Trend-Stationarity,"Journal of Applied Econometrics, Vol. 20, No. 1, 2005, pp. 79-98.
","Robert Sollis. Evidence on Purchasing Power Parity from Univariate Models: The Case of Smooth Transition Trend-Stationarity. Journal of Applied Econometrics. Volume 20, Number 1, 2005
",y,1,4
60,Journal of Applied Econometrics,"Volume 20, Number 1, 2005
",Jeffrey M. Wooldridge,"Simple Solutions to the Initial Conditions Problem in Dynamic, Nonlinear Panel Data Models with Unobserved Effects"," Journal of Applied Econometrics, Vol. 20, No. 1, 2005, pp. 39-54.
","Jeffrey M. Wooldridge. Simple Solutions to the Initial Conditions Problem in Dynamic, Nonlinear Panel Data Models with Unobserved Effects. Journal of Applied Econometrics. Volume 20, Number 1, 2005
",y,1,65
61,Journal of Applied Econometrics,"Volume 20, Number 2, 2005
",Fabio Canova,The Transmission of US Shocks to Latin Data,"Journal of Applied Econometrics, Vol. 20, No. 2, 2005, pp. 229-251.
","Fabio Canova. The Transmission of US Shocks to Latin Data. Journal of Applied Econometrics. Volume 20, Number 2, 2005
",y,1,19
62,Journal of Applied Econometrics,"Volume 20, Number 2, 2005
",Vasco M. Carvalho and Andrew C. Harvey,Convergence in the Trends and Cycles of Euro-Zone Income,"Journal of Applied Econometrics, Vol. 20, No. 2, 2005, pp. 275-289.
","Vasco M. Carvalho and Andrew C. Harvey. Convergence in the Trends and Cycles of Euro-Zone Income. Journal of Applied Econometrics. Volume 20, Number 2, 2005
",y,1,5
63,Journal of Applied Econometrics,"Volume 20, Number 2, 2005
",D. Harding and A. R. Pagan,A Suggested Framework for Classifying the Modes of Cycle Research,"Journal of Applied Econometrics, Vol. 20, No. 2, 2005, pp. 151-159.
","D. Harding and A. R. Pagan. A Suggested Framework for Classifying the Modes of Cycle Research. Journal of Applied Econometrics. Volume 20, Number 2, 2005
",y,1,6
64,Journal of Applied Econometrics,"Volume 20, Number 2, 2005
","Chang-Jin Kim, James Morley, and Jeremy Piger",Nonlinearity and the Permanent Effects of Recessions,"Journal of Applied Econometrics, Vol. 20, No. 2, 2005, pp. 291-309.
","Chang-Jin Kim, James Morley, and Jeremy Piger. Nonlinearity and the Permanent Effects of Recessions. Journal of Applied Econometrics. Volume 20, Number 2, 2005
",y,1,11
65,Journal of Applied Econometrics,"Volume 20, Number 2, 2005
",Gert Peersman,What caused the early millennium slowdown? Evidence based on vector autoregressions,"Journal of Applied Econometrics, Vol. 20, No. 2, 2005, pp. 185-207.
","Gert Peersman. What caused the early millennium slowdown? Evidence based on vector autoregressions. Journal of Applied Econometrics. Volume 20, Number 2, 2005
",y,1,24
66,Journal of Applied Econometrics,"Volume 20, Number 2, 2005
","Smets, F. and R. Wouters",Comparing Shocks and Frictions in US and Euro Area Business Cycle: A Bayesian DSGE Approach,"Journal of Applied Econometrics, Vol. 20, No. 2, 2005, pp. 161-183.
","Smets, F. and R. Wouters. Comparing Shocks and Frictions in US and Euro Area Business Cycle: A Bayesian DSGE Approach. Journal of Applied Econometrics. Volume 20, Number 2, 2005
",y,1,43
67,Journal of Applied Econometrics,"Volume 20, Number 3, 2005
",,,,". . Journal of Applied Econometrics. Volume 20, Number 3, 2005
"
68,Journal of Applied Econometrics,"Volume 20, Number 4, 2005
",Christopher R. Bollinger and Martin H. David,"I didn't tell, and I won't tell: Dynamic Response Error in the SIPP
","Journal of Applied Econometrics, Vol. 20, No. 4, 2005, pp. 563-569.
","Christopher R. Bollinger and Martin H. David. I didn't tell, and I won't tell: Dynamic Response Error in the SIPP
. Journal of Applied Econometrics. Volume 20, Number 4, 2005
",y,1,4
69,Journal of Applied Econometrics,"Volume 20, Number 4, 2005
","Sanghamitra Das, Charles F. Manski, and Mark D. Manuszak","Walk or Wait? An Empirical Analysis of Street Crossing Decisions
","Journal of Applied Econometrics, Vol. 20. No. 4, 2005, pp. 529-548.
","Sanghamitra Das, Charles F. Manski, and Mark D. Manuszak. Walk or Wait? An Empirical Analysis of Street Crossing Decisions
. Journal of Applied Econometrics. Volume 20, Number 4, 2005
",y,1,5
70,Journal of Applied Econometrics,"Volume 20, Number 4, 2005
","X. Gong, A. van Soest, and P. Zhang",The Effect of the Gender of Children on Expenditure Patterns in Rural China: A Semiparametric Analysis,"Journal of Applied Econometrics, Vol. 20, No. 4, 2005, pp. 509-527.
","X. Gong, A. van Soest, and P. Zhang. The Effect of the Gender of Children on Expenditure Patterns in Rural China: A Semiparametric Analysis. Journal of Applied Econometrics. Volume 20, Number 4, 2005
",y,1,2
71,Journal of Applied Econometrics,"Volume 20, Number 4, 2005
","Joachim Grammig, Reinhard Hujer and Michael Scheidler",Discrete Choice Management in Airline Network Management,"Journal of Applied Econometrics, Vol. 20, No. 4, 2005, pp. 467-486.
","Joachim Grammig, Reinhard Hujer and Michael Scheidler. Discrete Choice Management in Airline Network Management. Journal of Applied Econometrics. Volume 20, Number 4, 2005
",y,1,4
72,Journal of Applied Econometrics,"Volume 20, Number 4, 2005
",Krishna Pendakur,Semiparametric Estimation of Lifetime Equivalence Scales,"Journal of Applied Econometrics, Vol. 20, No. 4, 2005, pp. 487-507.
","Krishna Pendakur. Semiparametric Estimation of Lifetime Equivalence Scales. Journal of Applied Econometrics. Volume 20, Number 4, 2005
",y,1,2
73,Journal of Applied Econometrics,"Volume 20, Number 5, 2005
",Mahmoud A. El-Gamal and Hulusi Inanoglu,Inefficiency and Heterogeneity in Turkish Banking: 1990-2000,"Journal of Applied Econometrics, Vol. 20, No. 5, 2005, pp. 641-664.
","Mahmoud A. El-Gamal and Hulusi Inanoglu. Inefficiency and Heterogeneity in Turkish Banking: 1990-2000. Journal of Applied Econometrics. Volume 20, Number 5, 2005
",y,1,8
74,Journal of Applied Econometrics,"Volume 20, Number 5, 2005
","Cheng Hsiao, Yan Shen, and Hiroshi Fujiki",Aggregate vs. Disaggregate Data Analysis -- A Paradox in the Estimation of Money Demand Function of Japan Under the Low Interest Rate Policy,"Journal of Applied Econometrics, Vol. 20, No. 5, 2005, pp. 579-601.","Cheng Hsiao, Yan Shen, and Hiroshi Fujiki. Aggregate vs. Disaggregate Data Analysis -- A Paradox in the Estimation of Money Demand Function of Japan Under the Low Interest Rate Policy. Journal of Applied Econometrics. Volume 20, Number 5, 2005
",y,1,3
75,Journal of Applied Econometrics,"Volume 20, Number 5, 2005
","Zacharias Psaradakis, Morten O. Ravn, and Martin Sola","Markov Switching Causality and the Money-Output Relationship
","Journal of Applied Econometrics, Vol. 20, No. 5, 2005, pp. 665-683.
","Zacharias Psaradakis, Morten O. Ravn, and Martin Sola. Markov Switching Causality and the Money-Output Relationship
. Journal of Applied Econometrics. Volume 20, Number 5, 2005
",y,1,5
76,Journal of Applied Econometrics,"Volume 20, Number 5, 2005
",Achim Zeileis and Christian Kleiber,"Validating Multiple Structural Change Models -- A Case Study
","Journal of Applied Econometrics, Vol. 20, No. 5, 2005, pp. 685-690.
","Achim Zeileis and Christian Kleiber. Validating Multiple Structural Change Models -- A Case Study
. Journal of Applied Econometrics. Volume 20, Number 5, 2005
",y,1,21
77,Journal of Applied Econometrics,"Volume 20, Number 6, 2005
","Dennis Fok, Dick van Dijk, and Philip Hans Franses",A multi-level panel STAR model for US manufacturing sectors,"Journal of Applied Econometrics, Vol. 20, No. 6, 2005, pp. 811-827.
","Dennis Fok, Dick van Dijk, and Philip Hans Franses. A multi-level panel STAR model for US manufacturing sectors. Journal of Applied Econometrics. Volume 20, Number 6, 2005
",y,1,5
78,Journal of Applied Econometrics,"Volume 20, Number 6, 2005
",Libertad González,Nonparametric Bounds on the Returns to Language Skills,"Journal of Applied Econometrics, Vol. 2005, No. 6, 2005, pp. 771-795.
","Libertad González. Nonparametric Bounds on the Returns to Language Skills. Journal of Applied Econometrics. Volume 20, Number 6, 2005
",y,1,6
79,Journal of Applied Econometrics,"Volume 20, Number 6, 2005
","Gary Koop, Dale Poirier and Justin L. Tobias
",Semiparametric Bayesian Inference in Multiple Equation Models,"Journal of Applied Econometrics, Vol. 20, No. 6, 2005, pp. 723-747.
","Gary Koop, Dale Poirier and Justin L. Tobias
. Semiparametric Bayesian Inference in Multiple Equation Models. Journal of Applied Econometrics. Volume 20, Number 6, 2005
",y,1,7
80,Journal of Applied Econometrics,"Volume 20, Number 6, 2005
","Juan M. Rodriguez-Poo, Stefan Sperlich, and Ana I. Fernandez",Semiparametric Three Step Estimation Methods For Simultaneous Equation Systems,"Journal of Applied Econometrics, Vol. 20, No. 6, 2005, pp. 699-721.
","Juan M. Rodriguez-Poo, Stefan Sperlich, and Ana I. Fernandez. Semiparametric Three Step Estimation Methods For Simultaneous Equation Systems. Journal of Applied Econometrics. Volume 20, Number 6, 2005
",y,1,5
81,Journal of Applied Econometrics,"Volume 20, Number 7, 2005
",Troy Davig,Periodically Expanding Discounted Debt: A Threat to Fiscal Policy Sustainability?,"Journal of Applied Econometrics, Vol. 20, No. 7, 2005, pp. 829-840.
","Troy Davig. Periodically Expanding Discounted Debt: A Threat to Fiscal Policy Sustainability?. Journal of Applied Econometrics. Volume 20, Number 7, 2005
",y,1,3
82,Journal of Applied Econometrics,"Volume 20, Number 7, 2005
",J. Fernandez-Villaverde and J. F. Rubio-Ramirez,Estimating Dynamic Equilibrium Economies: Linear versus Nonlinear Likelihood,"Journal of Applied Econometrics, Vol. 20, No. 7, 2005, pp. 891-910.
","J. Fernandez-Villaverde and J. F. Rubio-Ramirez. Estimating Dynamic Equilibrium Economies: Linear versus Nonlinear Likelihood. Journal of Applied Econometrics. Volume 20, Number 7, 2005
",y,1,17
83,Journal of Applied Econometrics,"Volume 20, Number 7, 2005
","Fernando Fernández-Rodríguez, Simón Sosvilla-Rivero, and Julián Andrada-Félix","Testing Chaotic Dynamics via Lyapunov Exponents
","Journal of Applied Econometrics, Vol. 20, No. 7, 2005, pp. 911-930.
","Fernando Fernández-Rodríguez, Simón Sosvilla-Rivero, and Julián Andrada-Félix. Testing Chaotic Dynamics via Lyapunov Exponents
. Journal of Applied Econometrics. Volume 20, Number 7, 2005
",y,1,6
84,Journal of Applied Econometrics,"Volume 20, Number 7, 2005
",Peter R. Hansen and Asger Lunde,"A Forecast Comparison of Volatility Models: Does Anything Beat a GARCH(1,1)?","Journal of Applied Econometrics, Vol. 20, No. 7, 2005, pp. 873-889.
","Peter R. Hansen and Asger Lunde. A Forecast Comparison of Volatility Models: Does Anything Beat a GARCH(1,1)?. Journal of Applied Econometrics. Volume 20, Number 7, 2005
",y,1,76
85,Journal of Applied Econometrics,"Volume 20, Number 7, 2005
",Shin-Ichi Nishiyama,The Cross-Euler Equation Approach to Intertemporal Substitution in Import Demand,"Journal of Applied Econometrics, Vol. 20, No. 7, 2005, pp. 841-872.","Shin-Ichi Nishiyama. The Cross-Euler Equation Approach to Intertemporal Substitution in Import Demand. Journal of Applied Econometrics. Volume 20, Number 7, 2005
",y,1,1
,,,,,,. . . 
86,Econometric Society,January 2005 73 (1) ,"Andrew McLennan 
","The Expected Number of Nash Equilibria of a Normal Form Game
",,"Andrew McLennan 
. The Expected Number of Nash Equilibria of a Normal Form Game
. Econometric Society. January 2005 73 (1) ",y,1,12
87,Econometric Society,January 2005 73 (1) ,Joris Pinkse and Guofu Tan ,"The Affiliation Effect in First-Price Auctions
",,"Joris Pinkse and Guofu Tan . The Affiliation Effect in First-Price Auctions
. Econometric Society. January 2005 73 (1) ",y,1,12
88,Econometric Society,March 2005 73 (2),"Steven G. Rivkin, Eric A. Hanushek, and John F. Kain ","Teachers, Schools, and Academic Achievement
",,"Steven G. Rivkin, Eric A. Hanushek, and John F. Kain . Teachers, Schools, and Academic Achievement
. Econometric Society. March 2005 73 (2)",y,1,151
89,Econometric Society,May 2005 73 (3),"Ovidiu L. Calin, Yu Chen, Thomas F. Cosimano, and Alex A. Himonas ","Solving Asset Pricing Models when the Price-Dividend Function Is Analytic
",,"Ovidiu L. Calin, Yu Chen, Thomas F. Cosimano, and Alex A. Himonas . Solving Asset Pricing Models when the Price-Dividend Function Is Analytic
. Econometric Society. May 2005 73 (3)",y,1,4
90,Econometric Society,July 2005 73 (4),"Kenneth A. Small, Clifford Winston, and Jia Yan ","Uncovering the Distribution of Motorists' Preferences for Travel Time and Reliability
",,"Kenneth A. Small, Clifford Winston, and Jia Yan . Uncovering the Distribution of Motorists' Preferences for Travel Time and Reliability
. Econometric Society. July 2005 73 (4)",y,1,51
91,Econometric Society,September 2005 73 (5),Peter Arcidiacono ,Affirmative Action in Higher Education: How Do Admission and Financial Aid Rules Affect Future Earnings?,,Peter Arcidiacono . Affirmative Action in Higher Education: How Do Admission and Financial Aid Rules Affect Future Earnings?. Econometric Society. September 2005 73 (5),y,1,17
92,Econometric Society,November 2005 73 (6),"David Card, and Dean R. Hyslop","Estimating the Effects of a Time-Limited Earnings Subsidy for Welfare-Leavers
",,"David Card, and Dean R. Hyslop. Estimating the Effects of a Time-Limited Earnings Subsidy for Welfare-Leavers
. Econometric Society. November 2005 73 (6)",y,1,12
93,Econometric Society,November 2005 73 (6),Dirk Bergemann and Stephen Morris ,"Robust Mechanism Design
",,"Dirk Bergemann and Stephen Morris . Robust Mechanism Design
. Econometric Society. November 2005 73 (6)",y,1,22
94,Econometric Society,November 2005 73 (6),Fernando Alvarez and Urban J. Jermann ,"Using Asset Prices to Measure the Persistence of the Marginal Utility of Wealth
",,"Fernando Alvarez and Urban J. Jermann . Using Asset Prices to Measure the Persistence of the Marginal Utility of Wealth
. Econometric Society. November 2005 73 (6)",y,1,8
,,,,,,. . . 
95,The Federal Reserve Bank of St Louis Review,"JANUARY/FEBRUARY 2005 Vol. 87, No. 1",I-Hui Cheng and Howard J. Wall ,Controlling for Heterogeneity in Gravity Models of Trade and Integration, pp. 49-64,"I-Hui Cheng and Howard J. Wall . Controlling for Heterogeneity in Gravity Models of Trade and Integration. The Federal Reserve Bank of St Louis Review. JANUARY/FEBRUARY 2005 Vol. 87, No. 1",y,1,38
96,The Federal Reserve Bank of St Louis Review,"MARCH/APRIL 2005 Vol. 87, No. 2",Ellen E. Meade ,"The FOMC: Preferences, Voting, and Consensus ",pp. 93-101,"Ellen E. Meade . The FOMC: Preferences, Voting, and Consensus . The Federal Reserve Bank of St Louis Review. MARCH/APRIL 2005 Vol. 87, No. 2",n
97,The Federal Reserve Bank of St Louis Review,"MARCH/APRIL 2005 Vol. 87, No. 2",Thomas A. Garrett and Russell M. Rhine,Social Security versus Private Retirement Accounts: A Historical Analysis ,pp. 103-121,"Thomas A. Garrett and Russell M. Rhine. Social Security versus Private Retirement Accounts: A Historical Analysis . The Federal Reserve Bank of St Louis Review. MARCH/APRIL 2005 Vol. 87, No. 2",n
98,The Federal Reserve Bank of St Louis Review,"MARCH/APRIL 2005 Vol. 87, No. 2","Thomas A. Garrett, Rubén Hernández-Murillo, and Michael T. Owyang",Does Consumer Sentiment Predict Regional Consumption?  ,pp. 123-135,"Thomas A. Garrett, Rubén Hernández-Murillo, and Michael T. Owyang. Does Consumer Sentiment Predict Regional Consumption?  . The Federal Reserve Bank of St Louis Review. MARCH/APRIL 2005 Vol. 87, No. 2",n
99,The Federal Reserve Bank of St Louis Review,"MAY/JUNE 2005 Vol. 87, No. 3",Christopher H. Wheeler ,"Evidence on Wage Inequality, Worker Education and Technology",pp. 375-394 ,"Christopher H. Wheeler . Evidence on Wage Inequality, Worker Education and Technology. The Federal Reserve Bank of St Louis Review. MAY/JUNE 2005 Vol. 87, No. 3",y,1,2
100,The Federal Reserve Bank of St Louis Review,"JULY/AUGUST 2005 Vol. 87, No. 4
",,,,". . The Federal Reserve Bank of St Louis Review. JULY/AUGUST 2005 Vol. 87, No. 4
"
101,The Federal Reserve Bank of St Louis Review,"SEPTEMBER/OCTOBER 2005 Vol. 87, No. 5",,,,". . The Federal Reserve Bank of St Louis Review. SEPTEMBER/OCTOBER 2005 Vol. 87, No. 5"
102,The Federal Reserve Bank of St Louis Review,"NOVEMBER/DECEMBER 2005 Vol. 87, No. 6
",Hui Guo and Kevin L. Kliesen ,Oil Price Volatility and U.S. Macroeconomic Activity,pp. 669-84,"Hui Guo and Kevin L. Kliesen . Oil Price Volatility and U.S. Macroeconomic Activity. The Federal Reserve Bank of St Louis Review. NOVEMBER/DECEMBER 2005 Vol. 87, No. 6
",y,1,9
103,The Federal Reserve Bank of St Louis Review,"NOVEMBER/DECEMBER 2005 Vol. 87, No. 6
", Christopher J. Neely ,An Analysis of Recent Studies of the Effect of Foreign Exchange Intervention ,pp. 685-718," Christopher J. Neely . An Analysis of Recent Studies of the Effect of Foreign Exchange Intervention . The Federal Reserve Bank of St Louis Review. NOVEMBER/DECEMBER 2005 Vol. 87, No. 6
",y,1,18
,,,,,,. . . 
104,American Economic Review,"Vol. 95, No. 1, March 2005","Robert Shimer
",The Cyclical Behavior of Equilibrium Unemployment and Vacancies ,(pp. 25-49),"Robert Shimer
. The Cyclical Behavior of Equilibrium Unemployment and Vacancies . American Economic Review. Vol. 95, No. 1, March 2005",y,1,135
105,American Economic Review,"Vol. 95, No. 1, March 2005",Abdul Abiad and Ashoka Mody,"Financial Reform: What Shakes It? What Shapes It?
", (pp. 66-88),"Abdul Abiad and Ashoka Mody. Financial Reform: What Shakes It? What Shapes It?
. American Economic Review. Vol. 95, No. 1, March 2005",y,1,27
106,American Economic Review,"Vol. 95, No. 1, March 2005","Tack Yun
","Optimal Monetary Policy with Relative Price Distortions 
",(pp. 89-109),"Tack Yun
. Optimal Monetary Policy with Relative Price Distortions 
. American Economic Review. Vol. 95, No. 1, March 2005",y,1,7
107,American Economic Review,"Vol. 95, No. 1, March 2005","Alan J. Auerbach and Maurice Obstfeld
","The Case for Open-Market Purchases in a Liquidity Trap 
",(pp. 110-137),"Alan J. Auerbach and Maurice Obstfeld
. The Case for Open-Market Purchases in a Liquidity Trap 
. American Economic Review. Vol. 95, No. 1, March 2005",y,1,14
108,American Economic Review,"Vol. 95, No. 1, March 2005",John H. Cochrane and Monika Piazzesi,Bond Risk Premia," (pp. 138-160)
","John H. Cochrane and Monika Piazzesi. Bond Risk Premia. American Economic Review. Vol. 95, No. 1, March 2005",y,1,61
109,American Economic Review,"Vol. 95, No. 1, March 2005",Òscar Jordà,Estimation and Inference of Impulse Responses by Local Projections,(pp. 161-182),"Òscar Jordà. Estimation and Inference of Impulse Responses by Local Projections. American Economic Review. Vol. 95, No. 1, March 2005",y,1,10
110,American Economic Review,"Vol. 95, No. 1, March 2005","Jeremy Greenwood, Ananth Seshadri and Guillaume Vandenbroucke",The Baby Boom and Baby Bust, (pp. 183-207),"Jeremy Greenwood, Ananth Seshadri and Guillaume Vandenbroucke. The Baby Boom and Baby Bust. American Economic Review. Vol. 95, No. 1, March 2005",y,1,9
111,American Economic Review,"Vol. 95, No. 1, March 2005",Daniel M. Bernhofen and John C. Brown,An Empirical Assessment of the Comparative Advantage Gains from Trade: Evidence from Japan ,(pp. 208-225),"Daniel M. Bernhofen and John C. Brown. An Empirical Assessment of the Comparative Advantage Gains from Trade: Evidence from Japan . American Economic Review. Vol. 95, No. 1, March 2005",y,1,8
112,American Economic Review,"Vol. 95, No. 1, March 2005",José Wynne,"Wealth as a Determinant of Comparative Advantage 
",(pp. 226-254),"José Wynne. Wealth as a Determinant of Comparative Advantage 
. American Economic Review. Vol. 95, No. 1, March 2005",y,1,3
113,American Economic Review,"Vol. 95, No. 1, March 2005","Bhagwan Chowdhry, Richard Roll and Yihong Xia
","Extracting Inflation from Stock Returns to Test Purchasing Power Parity 
",(pp. 255-276),"Bhagwan Chowdhry, Richard Roll and Yihong Xia
. Extracting Inflation from Stock Returns to Test Purchasing Power Parity 
. American Economic Review. Vol. 95, No. 1, March 2005",y,1,1
114,American Economic Review,"Vol. 95, No. 1, March 2005","Gary S. Becker, Tomas J. Philipson and Rodrigo R. Soares",The Quantity and Quality of Life and the Evolution of World Inequality ,"(pp. 277-291)
","Gary S. Becker, Tomas J. Philipson and Rodrigo R. Soares. The Quantity and Quality of Life and the Evolution of World Inequality . American Economic Review. Vol. 95, No. 1, March 2005",y,1,60
115,American Economic Review,"Vol. 95, No. 1, March 2005",Carolyn L. Evans and James Harrigan,"Distance, Time, and Specialization: Lean Retailing in General Equilibrium ","(pp. 292-313)
","Carolyn L. Evans and James Harrigan. Distance, Time, and Specialization: Lean Retailing in General Equilibrium . American Economic Review. Vol. 95, No. 1, March 2005",y,1,23
116,American Economic Review,"Vol. 95, No. 1, March 2005","Daniel Diermeier, Michael Keane and Antonio Merlo","A Political Economy Model of Congressional Careers 
",(pp. 347-373),"Daniel Diermeier, Michael Keane and Antonio Merlo. A Political Economy Model of Congressional Careers 
. American Economic Review. Vol. 95, No. 1, March 2005",y,1,26
117,American Economic Review,"Vol. 95, No. 1, March 2005","Wolfram Schlenker, W. Michael Hanemann and Anthony C. Fisher
","Will U.S. Agriculture Really Benefit from Global Warming? Accounting for Irrigation in the Hedonic Approach 
",(pp. 395-406),"Wolfram Schlenker, W. Michael Hanemann and Anthony C. Fisher
. Will U.S. Agriculture Really Benefit from Global Warming? Accounting for Irrigation in the Hedonic Approach 
. American Economic Review. Vol. 95, No. 1, March 2005",y,1,36
118,American Economic Review,"Vol. 95, No. 1, March 2005",Costas Meghir and Mårten Palme,"Educational Reform, Ability, and Family Background )",(pp. 414-424,"Costas Meghir and Mårten Palme. Educational Reform, Ability, and Family Background ). American Economic Review. Vol. 95, No. 1, March 2005",y,1,34
119,American Economic Review,"Vol. 95, No. 1, March 2005","Refet S. Gürkaynak, Brian Sack and Eric Swanson",The Sensitivity of Long-Term Interest Rates to Economic News: Evidence and Implications for Macroeconomic Models ,(pp. 425-436),"Refet S. Gürkaynak, Brian Sack and Eric Swanson. The Sensitivity of Long-Term Interest Rates to Economic News: Evidence and Implications for Macroeconomic Models . American Economic Review. Vol. 95, No. 1, March 2005",y,1,44
120,American Economic Review,"Vol. 95, No. 1, March 2005","Sandra E. Black, Paul J. Devereux and Kjell G. Salvanes",Why the Apple Doesn't Fall Far: Understanding Intergenerational Transmission of Human Capital ,(pp. 437-449),"Sandra E. Black, Paul J. Devereux and Kjell G. Salvanes. Why the Apple Doesn't Fall Far: Understanding Intergenerational Transmission of Human Capital . American Economic Review. Vol. 95, No. 1, March 2005",y,1,40
121,American Economic Review,"Vol. 95, No. 1, March 2005",Peter Thompson and Melanie Fox-Kean,Patent Citations and the Geography of Knowledge Spillovers: A Reassessment ,(pp. 450-460),"Peter Thompson and Melanie Fox-Kean. Patent Citations and the Geography of Knowledge Spillovers: A Reassessment . American Economic Review. Vol. 95, No. 1, March 2005",y,1,35
,,,,,,. . . 
122,Conflict Resolution,"February 2005 49 (1)
","Eric Neumayer
","Asylum Recognition Rates in Western Europe: Their Determinants, Variation, and Lack of Convergence
","Journal of Conflict Resolution February 2005 49: 43-66, doi:10.1177/0022002704271057
","Eric Neumayer
. Asylum Recognition Rates in Western Europe: Their Determinants, Variation, and Lack of Convergence
. Conflict Resolution. February 2005 49 (1)
",y,1,11
123,Conflict Resolution,"February 2005 49 (1)
","Yoav Gortzak, Yoram Z. Haftel, and Kevin Sweeney
","Offense-Defense Theory: An Empirical Assessment
","Journal of Conflict Resolution February 2005 49: 67-89, doi:10.1177/0022002704271280
","Yoav Gortzak, Yoram Z. Haftel, and Kevin Sweeney
. Offense-Defense Theory: An Empirical Assessment
. Conflict Resolution. February 2005 49 (1)
",y,1,2
124,Conflict Resolution,"February 2005 49 (1)
",Akan Malici,"Discord and Collaboration between Allies: Managing External Threats and Internal Cohesion in Franco-British Relations during the 9/11 Era
","Journal of Conflict Resolution February 2005 49: 90-119, doi:10.1177/0022002704269356
","Akan Malici. Discord and Collaboration between Allies: Managing External Threats and Internal Cohesion in Franco-British Relations during the 9/11 Era
. Conflict Resolution. February 2005 49 (1)
",y,1,3
125,Conflict Resolution,"February 2005 49 (1)
",Christian Davenport,"Understanding Covert Repressive Action: The Case of the U.S. Government against the Republic of New Africa
","Journal of Conflict Resolution February 2005 49: 120-140, doi:10.1177/0022002704271285
","Christian Davenport. Understanding Covert Repressive Action: The Case of the U.S. Government against the Republic of New Africa
. Conflict Resolution. February 2005 49 (1)
",y,1,9
126,Conflict Resolution,"February 2005 49 (1)
","Mirjam E. Sørli, Nils Petter Gleditsch, and Håvard Strand
","Why Is There So Much Conflict in the Middle East?
","Journal of Conflict Resolution February 2005 49: 141-165, doi:10.1177/0022002704270824
","Mirjam E. Sørli, Nils Petter Gleditsch, and Håvard Strand
. Why Is There So Much Conflict in the Middle East?
. Conflict Resolution. February 2005 49 (1)
",y,1,6
127,Conflict Resolution,"April 2005 49 (2)
","Walter Enders and Todd Sandler
","After 9/11: Is it all Different Now?
","Journal of Conflict Resolution April 2005 49: 259-277, doi:10.1177/0022002704272864","Walter Enders and Todd Sandler
. After 9/11: Is it all Different Now?
. Conflict Resolution. April 2005 49 (2)
",y,1,21
128,Conflict Resolution,"April 2005 49 (2)
","Quan Li
",Does Democracy Promote or Reduce Transnational Terrorist Incidents?,"Journal of Conflict Resolution April 2005 49: 278-297, doi:10.1177/0022002704272830
","Quan Li
. Does Democracy Promote or Reduce Transnational Terrorist Incidents?. Conflict Resolution. April 2005 49 (2)
",y,1,55
129,Conflict Resolution,"April 2005 49 (2)
","Carlos Pestana Barros and Isabel Proença
",Mixed Logit Estimation of Radical Islamic Terrorism in Europe and North America: A Comparative Study,"Journal of Conflict Resolution April 2005 49: 298-314, doi:10.1177/0022002704272829","Carlos Pestana Barros and Isabel Proença
. Mixed Logit Estimation of Radical Islamic Terrorism in Europe and North America: A Comparative Study. Conflict Resolution. April 2005 49 (2)
",y,1,11
130,Conflict Resolution,"June 2005 49 (3)
","Patrick M. Regan and Daniel Norton
","Greed, Grievance, and Mobilization in Civil Wars
","Journal of Conflict Resolution June 2005 49: 319-336, doi:10.1177/0022002704273441
","Patrick M. Regan and Daniel Norton
. Greed, Grievance, and Mobilization in Civil Wars
. Conflict Resolution. June 2005 49 (3)
",y,1,28
131,Conflict Resolution,"June 2005 49 (3)
","Gil Friedman
",Commercial Pacifism and Protracted Conflict: Models from the Palestinian-Israeli Case,"Journal of Conflict Resolution June 2005 49: 360-382, doi:10.1177/0022002705276566","Gil Friedman
. Commercial Pacifism and Protracted Conflict: Models from the Palestinian-Israeli Case. Conflict Resolution. June 2005 49 (3)
",y,1,1
132,Conflict Resolution,"June 2005 49 (3)
",Ahmer Tarar,Constituencies and Preferences in International Bargaining,"Journal of Conflict Resolution June 2005 49: 383-407, doi:10.1177/0022002705276567","Ahmer Tarar. Constituencies and Preferences in International Bargaining. Conflict Resolution. June 2005 49 (3)
",y,1,7
133,Conflict Resolution,"June 2005 49 (3)
","Benjamin E. Goldsmith, Yusaku Horiuchi, and Takashi Inoguchi",American Foreign Policy and Global Opinion: Who Supported the War in Afghanistan?,"Journal of Conflict Resolution June 2005 49: 408-429, doi:10.1177/0022002705276506","Benjamin E. Goldsmith, Yusaku Horiuchi, and Takashi Inoguchi. American Foreign Policy and Global Opinion: Who Supported the War in Afghanistan?. Conflict Resolution. June 2005 49 (3)
",y,1,5
134,Conflict Resolution,"August 2005; 49 (4)
",James D. Fearon,Primary Commodity Exports and Civil War,"Journal of Conflict Resolution August 2005 49: 483-507, doi:10.1177/0022002705277544","James D. Fearon. Primary Commodity Exports and Civil War. Conflict Resolution. August 2005; 49 (4)
",y,1,69
135,Conflict Resolution,"August 2005; 49 (4)
",Macartan Humphreys,"Natural Resources, Conflict, and Conflict Resolution: Uncovering the Mechanisms","Journal of Conflict Resolution August 2005 49: 508-537, doi:10.1177/0022002705277545","Macartan Humphreys. Natural Resources, Conflict, and Conflict Resolution: Uncovering the Mechanisms. Conflict Resolution. August 2005; 49 (4)
",y,1,66
136,Conflict Resolution,"August 2005; 49 (4)
","Päivi Lujala, Nils Petter Gleditsch, and Elisabeth Gilmore",A Diamond Curse?: Civil War and a Lootable Resource,"Journal of Conflict Resolution August 2005 49: 538-562, doi:10.1177/0022002705277548","Päivi Lujala, Nils Petter Gleditsch, and Elisabeth Gilmore. A Diamond Curse?: Civil War and a Lootable Resource. Conflict Resolution. August 2005; 49 (4)
",y,1,50
137,Conflict Resolution,October 2005; 49 (5),"Michael Horowitz, Rose McDermott, and Allan C. Stam","Leader Age, Regime Type, and Violent International Relations","Journal of Conflict Resolution October 2005 49: 661-685, doi:10.1177/0022002705279469
","Michael Horowitz, Rose McDermott, and Allan C. Stam. Leader Age, Regime Type, and Violent International Relations. Conflict Resolution. October 2005; 49 (5)",y,1,9
138,Conflict Resolution,October 2005; 49 (5),Jaroslav Tir,Keeping the Peace after Secession: Territorial Conflicts Between Rump and Secessionist States,"Journal of Conflict Resolution October 2005 49: 713-741, doi:10.1177/0022002705279426
",Jaroslav Tir. Keeping the Peace after Secession: Territorial Conflicts Between Rump and Secessionist States. Conflict Resolution. October 2005; 49 (5),y,1,4
139,Conflict Resolution,October 2005; 49 (5),Mary Caprioli and Peter F. Trumbore,Rhetoric versus Reality: Rogue States in Interstate Conflict,"Journal of Conflict Resolution October 2005 49: 770-791, doi:10.1177/0022002705279335",Mary Caprioli and Peter F. Trumbore. Rhetoric versus Reality: Rogue States in Interstate Conflict. Conflict Resolution. October 2005; 49 (5),y,1,4
140,Conflict Resolution,October 2005; 49 (5),Uk Heo and Robert J. Eger III,Paying for Security: The Security-Prosperity Dilemma in the United States,"Journal of Conflict Resolution October 2005 49: 792-817, doi:10.1177/0022002705279365",Uk Heo and Robert J. Eger III. Paying for Security: The Security-Prosperity Dilemma in the United States. Conflict Resolution. October 2005; 49 (5),y,1,3
141,Conflict Resolution,December 2005; 49 (6),Beth A. Simmons,"Rules over Real Estate: Trade, Territorial Conflict, and International Borders as Institution","Journal of Conflict Resolution December 2005 49: 823-848, doi:10.1177/0022002705281349","Beth A. Simmons. Rules over Real Estate: Trade, Territorial Conflict, and International Borders as Institution. Conflict Resolution. December 2005; 49 (6)",y,1,3
142,Conflict Resolution,December 2005; 49 (6),Joseph Paul Vasquez III,"Shouldering the Soldiering: Democracy, Conscription, and Military Casualties","Journal of Conflict Resolution December 2005 49: 849-873, doi:10.1177/0022002705281151
","Joseph Paul Vasquez III. Shouldering the Soldiering: Democracy, Conscription, and Military Casualties. Conflict Resolution. December 2005; 49 (6)",y,1,11
143,Conflict Resolution,December 2005; 49 (6),Michael Koch and Scott Sigmund Gartner,"Casualties and Constituencies: Democratic Accountability, Electoral Institutions, and Costly Conflicts","Journal of Conflict Resolution December 2005 49: 874-894, doi:10.1177/0022002705281149","Michael Koch and Scott Sigmund Gartner. Casualties and Constituencies: Democratic Accountability, Electoral Institutions, and Costly Conflicts. Conflict Resolution. December 2005; 49 (6)",y,1,6
144,Conflict Resolution,December 2005; 49 (6),Eric Neumayer,Do International Human Rights Treaties Improve Respect for Human Rights?,"Journal of Conflict Resolution December 2005 49: 925-953, doi:10.1177/0022002705281667",Eric Neumayer. Do International Human Rights Treaties Improve Respect for Human Rights?. Conflict Resolution. December 2005; 49 (6),y,1,30
,,,,,,. . . 
145,International Studies Quarterly,International Studies Quarterly 49(2): 557-587.,"Ron, James; Howard Ramos; and Kathleen Rodgers (2005)","Transnational Information Politics: NGO Human Rights Reporting, 1986-2000 ","Ron, James; Howard Ramos; and Kathleen Rodgers (2005) Transnational Information Politics: NGO Human Rights Reporting, 1986-2000 International Studies Quarterly 49(2): 557-587.","Ron, James; Howard Ramos; and Kathleen Rodgers (2005). Transnational Information Politics: NGO Human Rights Reporting, 1986-2000 . International Studies Quarterly. International Studies Quarterly 49(2): 557-587.",y,1,12
146,International Studies Quarterly,International Studies Quarterly 49(3): 389-410,"Neumayer, Eric (2005)",Bogus Refugees? The Determinants of Asylum Migration to Western Europe,"Neumayer, Eric (2005): Bogus Refugees? The Determinants of Asylum Migration to Western Europe International Studies Quarterly 49(3): 389-410. ","Neumayer, Eric (2005). Bogus Refugees? The Determinants of Asylum Migration to Western Europe. International Studies Quarterly. International Studies Quarterly 49(3): 389-410",y,1,18
147,International Studies Quarterly, International Studies Quarterly 49(3): 529-555.,"Mullenbach, Mark J. (2005). 
",Deciding to Keep Peace: An Analysis of International Influences on the Establishment of Third-Party Peacekeeping Missions.,"Mullenbach, Mark J. (2005). Deciding to Keep Peace: An Analysis of International Influences on the Establishment of Third-Party Peacekeeping Missions. International Studies Quarterly 49(3): 529-555.","Mullenbach, Mark J. (2005). 
. Deciding to Keep Peace: An Analysis of International Influences on the Establishment of Third-Party Peacekeeping Missions.. International Studies Quarterly.  International Studies Quarterly 49(3): 529-555.",y,1,9
148,International Studies Quarterly,International Studies Quarterly 49(1),"Starr, Harvey and G. Dale Thomas (2005)","The Nature of Borders and International Conflict: Revisiting Hypotheses on Territory
","Starr, Harvey and G. Dale Thomas (2005): The Nature of Borders and International Conflict: Revisiting Hypotheses on Territory. International Studies Quarterly 49(1).","Starr, Harvey and G. Dale Thomas (2005). The Nature of Borders and International Conflict: Revisiting Hypotheses on Territory
. International Studies Quarterly. International Studies Quarterly 49(1)",y,1,3
149,International Studies Quarterly,International Studies Quarterly 49(1),"Shadlen, Kenneth C.; Andrew Schrank; and Marcus J. Kurtz (2005)",The Political Economy of Intellectual Property Protection: The Case of Software,"Shadlen, Kenneth C.; Andrew Schrank; and Marcus J. Kurtz (2005): The Political Economy of Intellectual Property Protection: The Case of Software. International Studies Quarterly 49(1).
","Shadlen, Kenneth C.; Andrew Schrank; and Marcus J. Kurtz (2005). The Political Economy of Intellectual Property Protection: The Case of Software. International Studies Quarterly. International Studies Quarterly 49(1)",y,1,7
150,International Studies Quarterly,International Studies Quarterly 49(1),"Fordham, Benjamin O. and Thomas C. Walker (2005)","Kantian Liberalism, Regime Type and Military Resource Allocation: Do Democracies Spend Less? ","Fordham, Benjamin O. and Thomas C. Walker (2005): Kantian Liberalism, Regime Type and Military Resource Allocation: Do Democracies Spend Less? International Studies Quarterly 49(1).","Fordham, Benjamin O. and Thomas C. Walker (2005). Kantian Liberalism, Regime Type and Military Resource Allocation: Do Democracies Spend Less? . International Studies Quarterly. International Studies Quarterly 49(1)",y,1,14
151,International Studies Quarterly,International Studies Quarterly 49(2),"Brooks, Sarah M. (2005)",Interdependent and Domestic Foundations of Policy Change,"Brooks, Sarah M. (2005): Interdependent and Domestic Foundations of Policy Change. International Studies Quarterly 49(2): 273-294.","Brooks, Sarah M. (2005). Interdependent and Domestic Foundations of Policy Change. International Studies Quarterly. International Studies Quarterly 49(2)",y,1,19
152,International Studies Quarterly,International Studies Quarterly 49(2),"Lai, Brian, and Dan Reiter (2005)","Rally 'Round the Union Jack? Public Opinion and the Use of Force in the United Kingdom, 1948-2001","Lai, Brian, and Dan Reiter (2005): Rally 'Round the Union Jack? Public Opinion and the Use of Force in the United Kingdom, 1948-2001. International Studies Quarterly 49(2): 255-272.","Lai, Brian, and Dan Reiter (2005). Rally 'Round the Union Jack? Public Opinion and the Use of Force in the United Kingdom, 1948-2001. International Studies Quarterly. International Studies Quarterly 49(2)",y,1,14
153,International Studies Quarterly,International Studies Quarterly 49(2),"Sobek, David (2005)", Machiavelli's Legacy: Domestic Politics and International ConflicT,"Sobek, David (2005): Machiavelli's Legacy: Domestic Politics and International Conflict. International Studies Quarterly 49(2): 179-204.","Sobek, David (2005).  Machiavelli's Legacy: Domestic Politics and International ConflicT. International Studies Quarterly. International Studies Quarterly 49(2)",y,1,1
154,International Studies Quarterly,International Studies Quarterly 49(2),"Caprioli, Mary (2005)",Primed for Violence: The Role of Gender Inequality in Predicting Internal Conflict. International Studies Quarterly,"Caprioli, Mary (2005): Primed for Violence: The Role of Gender Inequality in Predicting Internal Conflict. International Studies Quarterly 49(2): 161-178.","Caprioli, Mary (2005). Primed for Violence: The Role of Gender Inequality in Predicting Internal Conflict. International Studies Quarterly. International Studies Quarterly. International Studies Quarterly 49(2)",y,1,17
155,International Studies Quarterly,International Studies Quarterly 49(2),"Keller, Jonathan W. (2005)","Leadership Style, Regime Type, and Foreign Policy Crisis Behavior. International Studies Quarterly","Keller, Jonathan W. (2005): Leadership Style, Regime Type, and Foreign Policy Crisis Behavior. International Studies Quarterly 49(2): 205-232.","Keller, Jonathan W. (2005). Leadership Style, Regime Type, and Foreign Policy Crisis Behavior. International Studies Quarterly. International Studies Quarterly. International Studies Quarterly 49(2)",y,1,6
156,International Studies Quarterly,International Studies Quarterly 49(4),"Greig, J. Michael and Paul F. Diehl (2005)",The Peacekeeping-Peacemaking Dilemma ,"Greig, J. Michael and Paul F. Diehl (2005): The Peacekeeping-Peacemaking Dilemma International Studies Quarterly 49(4):621-645.
","Greig, J. Michael and Paul F. Diehl (2005). The Peacekeeping-Peacemaking Dilemma . International Studies Quarterly. International Studies Quarterly 49(4)",y,1,3
,,,,,,. . . 
157,Journal of Peace Research,"vol. 42, no. 6",Emilie M. Hafner-Burton,Right or Robust? The Sensitive Nature of Repression to Globalization,Emilie M. Hafner-Burton – Right or Robust? The Sensitive Nature of Repression to Globalization,"Emilie M. Hafner-Burton. Right or Robust? The Sensitive Nature of Repression to Globalization. Journal of Peace Research. vol. 42, no. 6",y,1,19
158,Journal of Peace Research,"vol. 42, no. 6",David H. Bearce & Sawa Omori ,How Do Commercial Institutions Promote Peace?,David H. Bearce & Sawa Omori – How Do Commercial Institutions Promote Peace?,"David H. Bearce & Sawa Omori . How Do Commercial Institutions Promote Peace?. Journal of Peace Research. vol. 42, no. 6",y,1,7
159,Journal of Peace Research,"vol. 42, no. 6",Navin Bapat ,Insurgency and the Opening of Peace Processes,Navin Bapat – Insurgency and the Opening of Peace Processes,"Navin Bapat . Insurgency and the Opening of Peace Processes. Journal of Peace Research. vol. 42, no. 6",y,1,4
160,Journal of Peace Research,"vol. 42, no. 5",Lesley G. Terris & Zeev Maoz,Rational Mediation: A Theory and a Test,Lesley G. Terris & Zeev Maoz – Rational Mediation: A Theory and a Test,"Lesley G. Terris & Zeev Maoz. Rational Mediation: A Theory and a Test. Journal of Peace Research. vol. 42, no. 5",y,1,13
161,Journal of Peace Research,"vol. 42, no. 5",Lotta Harbom & Peter Wallensteen,"Armed Conflict and Its International Dimensions, 1946-2004","Lotta Harbom & Peter Wallensteen – Armed Conflict and Its International Dimensions, 1946-2004","Lotta Harbom & Peter Wallensteen. Armed Conflict and Its International Dimensions, 1946-2004. Journal of Peace Research. vol. 42, no. 5",y,1,25
162,Journal of Peace Research,"vol. 42, no. 5",Atsushi Tago,"Determinants of Multilateralism in US Use of Force: State of Economy, Election Cycle, and Divided Government","Atsushi Tago – Determinants of Multilateralism in US Use of Force: State of Economy, Election Cycle, and Divided Government","Atsushi Tago. Determinants of Multilateralism in US Use of Force: State of Economy, Election Cycle, and Divided Government. Journal of Peace Research. vol. 42, no. 5",y,1,6
163,Journal of Peace Research,"vol. 42, no. 5",Jaroslav Tir,Dividing Countries to Promote Peace: Prospects for Long-Term Success of Partitions,Jaroslav Tir – Dividing Countries to Promote Peace: Prospects for Long-Term Success of Partitions,"Jaroslav Tir. Dividing Countries to Promote Peace: Prospects for Long-Term Success of Partitions. Journal of Peace Research. vol. 42, no. 5",y,1,5
164,Journal of Peace Research,"vol. 42, no. 5",Hyung Min Kim & David L. Rousseau, The Classical Liberals Were Half Right (or Half Wrong): New Tests of the ‘Liberal Peace’,"Hyung Min Kim & David L. Rousseau – The Classical Liberals Were Half Right (or Half Wrong): New Tests of the ‘Liberal Peace’, 1960-88","Hyung Min Kim & David L. Rousseau.  The Classical Liberals Were Half Right (or Half Wrong): New Tests of the ‘Liberal Peace’. Journal of Peace Research. vol. 42, no. 5",y,1,12
165,Journal of Peace Research,"vol. 42, no. 4",Marie L. Besançon,"Relative Resources: Inequality in Ethnic Wars, Revolutions, and Genocides","Marie L. Besançon – Relative Resources: Inequality in Ethnic Wars, Revolutions, and Genocides","Marie L. Besançon. Relative Resources: Inequality in Ethnic Wars, Revolutions, and Genocides. Journal of Peace Research. vol. 42, no. 4",y,1,15
166,Journal of Peace Research,"vol. 42, no. 4",Henrik Urdal,"People vs. Malthus: Population Pressure, Environmental Degradation, and Armed Conflict Revisited","Henrik Urdal – People vs. Malthus: Population Pressure, Environmental Degradation, and Armed Conflict Revisited","Henrik Urdal. People vs. Malthus: Population Pressure, Environmental Degradation, and Armed Conflict Revisited. Journal of Peace Research. vol. 42, no. 4",y,1,21
167,Journal of Peace Research,"vol. 42, no. 4",Quan Li & Ming Wen,The Immediate and Lingering Effects of Armed Conflict on Adult Mortality: A Time-Series Cross-National Analysis,Quan Li & Ming Wen – The Immediate and Lingering Effects of Armed Conflict on Adult Mortality: A Time-Series Cross-National Analysis,"Quan Li & Ming Wen. The Immediate and Lingering Effects of Armed Conflict on Adult Mortality: A Time-Series Cross-National Analysis. Journal of Peace Research. vol. 42, no. 4",y,1,11
168,Journal of Peace Research,"vol. 42, no. 3",Karen Rasler & William R. Thompson ,"War, Trade, and the Mediation of Systemic Leadership","Karen Rasler & William R. Thompson – War, Trade, and the Mediation of Systemic Leadership","Karen Rasler & William R. Thompson . War, Trade, and the Mediation of Systemic Leadership. Journal of Peace Research. vol. 42, no. 3",y,1,1
169,Journal of Peace Research,"vol. 42, no. 3",James Meernik,Justice and Peace? How the International Criminal Tribunal Affects Societal Peace in Bosnia,James Meernik – Justice and Peace? How the International Criminal Tribunal Affects Societal Peace in Bosnia,"James Meernik. Justice and Peace? How the International Criminal Tribunal Affects Societal Peace in Bosnia. Journal of Peace Research. vol. 42, no. 3",y,1,13
170,Journal of Peace Research,"vol. 42, no. 3",Christina Schatzman ,Political Challenge in Latin America: Rebellion and Collective Protest in an Era of Democratization,Christina Schatzman – Political Challenge in Latin America: Rebellion and Collective Protest in an Era of Democratization,"Christina Schatzman . Political Challenge in Latin America: Rebellion and Collective Protest in an Era of Democratization. Journal of Peace Research. vol. 42, no. 3",y,1,5
171,Journal of Peace Research,"vol. 42, no. 3",Jacob Shamir & Khalil Shikaki ,Public Opinion in the Israeli–Palestinian Two-Level Game,Jacob Shamir & Khalil Shikaki – Public Opinion in the Israeli–Palestinian Two-Level Game,"Jacob Shamir & Khalil Shikaki . Public Opinion in the Israeli–Palestinian Two-Level Game. Journal of Peace Research. vol. 42, no. 3",y,1,6
172,Journal of Peace Research,"vol. 42, no. 2","Douglas M. Gibler, Toby J. Rider & Marc L. Hutchison ",Taking Arms Against a Sea of Troubles: Conventional Arms Races During Periods of Rivalry,"Douglas M. Gibler, Toby J. Rider & Marc L. Hutchison - Taking Arms Against a Sea of Troubles: Conventional Arms Races During Periods of Rivalry","Douglas M. Gibler, Toby J. Rider & Marc L. Hutchison . Taking Arms Against a Sea of Troubles: Conventional Arms Races During Periods of Rivalry. Journal of Peace Research. vol. 42, no. 2",y,1,5
173,Journal of Peace Research,"vol. 42, no. 2",Ron P. Smith & Ali Tasiran,The Demand for Arms Imports,Ron P. Smith & Ali Tasiran – The Demand for Arms Imports,"Ron P. Smith & Ali Tasiran. The Demand for Arms Imports. Journal of Peace Research. vol. 42, no. 2",y,1,5
174,Journal of Peace Research,"vol. 42, no. 2",Erik Melander ,Political Gender Equality and State Human Rights Abuse,Erik Melander – Political Gender Equality and State Human Rights Abuse,"Erik Melander . Political Gender Equality and State Human Rights Abuse. Journal of Peace Research. vol. 42, no. 2",y,1,6
175,Journal of Peace Research,"vol. 42, no. 2",J. Joseph Hewitt,A Crisis-Density Formulation for Identifying Rivalries,J. Joseph Hewitt – A Crisis-Density Formulation for Identifying Rivalries,"J. Joseph Hewitt. A Crisis-Density Formulation for Identifying Rivalries. Journal of Peace Research. vol. 42, no. 2",y,1,6
176,Journal of Peace Research,"vol. 42, no. 1",Charles R. Boehmer & David Sobek,Violent Adolescence: State Development and the Propensity for Militarized Interstate Conflict,Charles R. Boehmer & David Sobek – Violent Adolescence: State Development and the Propensity for Militarized Interstate Conflict,"Charles R. Boehmer & David Sobek. Violent Adolescence: State Development and the Propensity for Militarized Interstate Conflict. Journal of Peace Research. vol. 42, no. 1",y,1,4
177,Journal of Peace Research,"vol. 42, no. 1",Karl R. DeRouen Jr & Shaun Goldfinch,Putting the Numbers to Work: Implications for Violence Prevention,Karl R. DeRouen Jr & Shaun Goldfinch – Putting the Numbers to Work: Implications for Violence Prevention,"Karl R. DeRouen Jr & Shaun Goldfinch. Putting the Numbers to Work: Implications for Violence Prevention. Journal of Peace Research. vol. 42, no. 1",y,1,1
178,Journal of Peace Research,"vol. 42, no. 1",Vally Koubi,War and Economic Performance,Vally Koubi – War and Economic Performance,"Vally Koubi. War and Economic Performance. Journal of Peace Research. vol. 42, no. 1",y,1,6
179,Journal of Peace Research,"vol. 42, no. 1",Yehudith Auerbach & Yaeli Bloch-Elkon,Media Framing and Foreign Policy: The Elite Press vis-à-vis US Policy in Bosnia,"Yehudith Auerbach & Yaeli Bloch-Elkon – Media Framing and Foreign Policy: The Elite Press vis-à-vis US Policy in Bosnia, 1992-95","Yehudith Auerbach & Yaeli Bloch-Elkon. Media Framing and Foreign Policy: The Elite Press vis-à-vis US Policy in Bosnia. Journal of Peace Research. vol. 42, no. 1",y,1,2
180,Journal of Peace Research,"vol. 42, no. 1",Eric Neumayer,Inequality and Violent Crime: Evidence from Data on Robbery and Violent Theft,Eric Neumayer – Inequality and Violent Crime: Evidence from Data on Robbery and Violent Theft,"Eric Neumayer. Inequality and Violent Crime: Evidence from Data on Robbery and Violent Theft. Journal of Peace Research. vol. 42, no. 1",y,1,9