index number,url,data citation (dataset doi) OLD,data citation (dataset doi) NEW,article reference,in ISI Web of Science? (Y/N),How many merged citation records?,WoS Cited by how many?,COMMENTS,Dropbox filenames (for multiple files or multiple citations),Paper Cited only?,Total Data Reuses,Unable to access full text,Date Recorded,google scholar query,results of google spreadsheet query,link to google search results
0,http://www.pangaea.de/search?count=1&minlat=&minlon=&maxlat=&maxlon=&mindate=&maxdate=&env=All&q=%40supplement+year:2005+citation:year:2005&offset=0,doi:10.1594/PANGAEA.425284,http://doi.pangaea.de/10.1594/PANGAEA.425284,"Armand, Leanne K; Crosta, Xavier; Romero, Oscar E; Pichon, Jean-Jacques (2005): The biogeography of major diatom taxa in Southern Ocean sediments: 1. Ice related species. Palaeogeography, Palaeoclimatology, Palaeoecology, 223(1-2), 93-126, doi:10.1016/j.palaeo.2005.02.015",y,1,40,,,,,,,http://doi.pangaea.de/10.1594/PANGAEA.425284 OR 10.1594/PANGAEA.425284 OR doi:10.1594/PANGAEA.425284 -site:scientificcommons.org,0
1,http://www.pangaea.de/search?count=1&minlat=&minlon=&maxlat=&maxlon=&mindate=&maxdate=&env=All&q=%40supplement+year:2005+citation:year:2005&offset=1,doi:10.1594/PANGAEA.425285,http://doi.pangaea.de/10.1594/PANGAEA.425285,"Crosta, Xavier; Romero, Oscar E; Armand, Leanne K; Pichon, Jean-Jacques (2005): The biogeography of major diatom taxa in Southern Ocean sediments: 2. Open ocean related species. Palaeogeography, Palaeoclimatology, Palaeoecology, 223(1-2), 66-92, doi:10.1016/j.palaeo.2005.03.028",y,1,28,,,,,,,http://doi.pangaea.de/10.1594/PANGAEA.425285 OR 10.1594/PANGAEA.425285 OR doi:10.1594/PANGAEA.425285 -site:scientificcommons.org,0
2,http://www.pangaea.de/search?count=1&minlat=&minlon=&maxlat=&maxlon=&mindate=&maxdate=&env=All&q=%40supplement+year:2005+citation:year:2005&offset=2,doi:10.1016/j.palaeo.2005.03.027,http://doi.pangaea.de/10.1594/PANGAEA.425286,"Romero, Oscar E; Armand, Leanne K; Crosta, Xavier; Pichon, Jean-Jacques (2005): The biogeography of major diatom taxa in Southern Ocean sediments: 3. Subantarctic species. Palaeogeography, Palaeoclimatology, Palaeoecology, 223(1-2), 49-65,",y,1,11,,,,,,,http://doi.pangaea.de/10.1594/PANGAEA.425286 OR 10.1594/PANGAEA.425286 OR doi:10.1594/PANGAEA.425286 -site:scientificcommons.org,0
3,http://www.pangaea.de/search?count=1&minlat=&minlon=&maxlat=&maxlon=&mindate=&maxdate=&env=All&q=%40supplement+year:2005+citation:year:2005&offset=3,doi:10.1073/pnas.0505267102,http://doi.pangaea.de/10.1594/PANGAEA.587450,"Mosbrugger, Volker; Utescher, Torsten; Dilcher, David (2005): Cenozoic continental climatic evolution of Central Europe. Proceedings of the National Academy of Sciences (PNAS), 102(42), 14964 - 14969",y,3,81,,,,,,,http://doi.pangaea.de/10.1594/PANGAEA.587450 OR 10.1594/PANGAEA.587450 OR doi:10.1594/PANGAEA.587450 -site:scientificcommons.org,1,http://scholar.google.com/scholar?hl=en&q=http%3A%2F%2Fdoi.pangaea.de%2F10.1594%2FPANGAEA.587450+OR+10.1594%2FPANGAEA.587450+OR+doi%3A10.1594%2FPANGAEA.587450+-site%3Ascientificcommons.org&btnG=Search&as_sdt=0%2C48&as_ylo=&as_vis=0
4,http://www.pangaea.de/search?count=1&minlat=&minlon=&maxlat=&maxlon=&mindate=&maxdate=&env=All&q=%40supplement+year:2005+citation:year:2005&offset=4,doi:10.1016/j.palaeo.2005.06.005,http://doi.pangaea.de/10.1594/PANGAEA.693988,"Boulay, Sebastien; Colin, C; Trentesaux, A; Frank, Norbert; Liu, Z (2005): Sediment sources and East Asian monsoon intensity over the last 450 ky. Mineralogical and geochemical investigations on South China Sea sediments. Palaeogeography, Palaeoclimatology, Palaeoecology, 228(3-4), 260-277",y,2,22,,,,,,,http://doi.pangaea.de/10.1594/PANGAEA.693988 OR 10.1594/PANGAEA.693988 OR doi:10.1594/PANGAEA.693988 -site:scientificcommons.org,0
5,http://www.pangaea.de/search?count=1&minlat=&minlon=&maxlat=&maxlon=&mindate=&maxdate=&env=All&q=%40supplement+year:2005+citation:year:2005&offset=5,doi:10.1016/j.palaeo.2005.05.006,http://doi.pangaea.de/10.1594/PANGAEA.694021,"Raffi, Isabella; Backman, Jan; Pälike, Heiko (2005): Changes in calcareous nannofossil assemblages across the Paleocene/Eocene transition from the paleo-equatorial Pacific Ocean. Palaeogeography, Palaeoclimatology, Palaeoecology, 226(1-2), 93-126,",y,1,24,,,,,,,http://doi.pangaea.de/10.1594/PANGAEA.694021 OR 10.1594/PANGAEA.694021 OR doi:10.1594/PANGAEA.694021 -site:scientificcommons.org,0
6,http://www.pangaea.de/search?count=1&minlat=&minlon=&maxlat=&maxlon=&mindate=&maxdate=&env=All&q=%40supplement+year:2005+citation:year:2005&offset=6,doi:10.1016/j.palaeo.2005.03.031,http://doi.pangaea.de/10.1594/PANGAEA.694032,"Alegret, Laia; Thomas, Ellen (2005): Cretaceous/Paleogene boundary bathyal paleo-environments in the central North Pacific (DSDP Site 465), the Northwestern Atlantic (ODP Site 1049), the Gulf of Mexico and the Tethys: The benthic foraminiferal record. Palaeogeography, Palaeoclimatology, Palaeoecology, 224(1-3), 53-82,",y,1,12,,,,,,,http://doi.pangaea.de/10.1594/PANGAEA.694032 OR 10.1594/PANGAEA.694032 OR doi:10.1594/PANGAEA.694032 -site:scientificcommons.org,0
7,http://www.pangaea.de/search?count=1&minlat=&minlon=&maxlat=&maxlon=&mindate=&maxdate=&env=All&q=%40supplement+year:2005+citation:year:2005&offset=7,doi:10.1016/j.palaeo.2005.04.018,http://doi.pangaea.de/10.1594/PANGAEA.694035,"Zheng, Fan; Li, Qianyu; Li, Baohua; Chen, Muhong; Tu, Xia; Tian, Jun; Jian, Zhimin (2005): A millennial scale planktonic foraminifer record of the mid-Pleistocene climate transition from the northern South China Sea. Palaeogeography, Palaeoclimatology, Palaeoecology, 223(3-4), 349-363",y,1,7,,,,,,,http://doi.pangaea.de/10.1594/PANGAEA.694035 OR 10.1594/PANGAEA.694035 OR doi:10.1594/PANGAEA.694035 -site:scientificcommons.org,0
8,http://www.pangaea.de/search?count=1&minlat=&minlon=&maxlat=&maxlon=&mindate=&maxdate=&env=All&q=%40supplement+year:2005+citation:year:2005&offset=8,doi:10.1016/j.palaeo.2005.02.001,http://doi.pangaea.de/10.1594/PANGAEA.694036,"Denison, SM; Maslin, Mark A; Boot, C; Pancost, Richard D; Ettwein, VJ (2005): Precession-forced changes in South West African vegetation during Marine Isotope Stages 101-100 (~2.56-2.51 Ma). Palaeogeography, Palaeoclimatology, Palaeoecology, 220(3-4), 375-386",y,2,7,,,,,,,http://doi.pangaea.de/10.1594/PANGAEA.694036 OR 10.1594/PANGAEA.694036 OR doi:10.1594/PANGAEA.694036 -site:scientificcommons.org,0
9,http://www.pangaea.de/search?count=1&minlat=&minlon=&maxlat=&maxlon=&mindate=&maxdate=&env=All&q=%40supplement+year:2005+citation:year:2005&offset=9,doi:10.1016/j.palaeo.2004.12.026,http://doi.pangaea.de/10.1594/PANGAEA.694040,"Udeze, Chioma; Oboh-Ikuenobe, Francisca E (2005): Neogene palaeoceanographic and palaeoclimatic events inferred from palynological data: Cape Basin off South Africa, ODP Leg 175. Palaeogeography, Palaeoclimatology, Palaeoecology, 219(3-4), 199-223,",y,1,8,,,,,,,http://doi.pangaea.de/10.1594/PANGAEA.694040 OR 10.1594/PANGAEA.694040 OR doi:10.1594/PANGAEA.694040 -site:scientificcommons.org,0
10,http://www.pangaea.de/search?count=1&minlat=&minlon=&maxlat=&maxlon=&mindate=&maxdate=&env=All&q=%40supplement+year:2005+citation:year:2005&offset=10,doi:10.1016/j.palaeo.2004.12.001,http://doi.pangaea.de/10.1594/PANGAEA.694041,"Westerhold, Thomas; Bickert, Torsten; Röhl, Ursula (2005): Middle to late Miocene oxygen isotope stratigraphy of ODP site 1085 (SE Atlantic): new constrains on Miocene climate variability and sea-level fluctuations. Palaeogeography, Palaeoclimatology, Palaeoecology, 217(3-4), 205-222",y,1,33,,,,,,,http://doi.pangaea.de/10.1594/PANGAEA.694041 OR 10.1594/PANGAEA.694041 OR doi:10.1594/PANGAEA.694041 -site:scientificcommons.org,0
11,http://www.pangaea.de/search?count=1&minlat=&minlon=&maxlat=&maxlon=&mindate=&maxdate=&env=All&q=%40supplement+year:2005+citation:year:2005&offset=11,doi:10.1594/PANGAEA.70519,http://doi.pangaea.de/10.1594/PANGAEA.705195,"Hayward, Bruce W; Grenfell, Hugh R; Sabaa, Ashwaq T; Sikes, Elisabeth L (2005): Deep-sea benthic foraminiferal record of the Middle Pleistocene Climate Transition in the South-west Pacific. In: M. J. Head and P. L. Gibbard (eds.). Early Middle Pleistocene transitions: the land-ocean evidence. Geological Society (London), Special Publication, 247, 85-115",y,3,4,,,,,,,http://doi.pangaea.de/10.1594/PANGAEA.705195 OR 10.1594/PANGAEA.705195 OR doi:10.1594/PANGAEA.705195 -site:scientificcommons.org,0
12,http://www.pangaea.de/search?count=1&minlat=&minlon=&maxlat=&maxlon=&mindate=&maxdate=&env=All&q=%40supplement+year:2005+citation:year:2005&offset=12,doi:10.1594/PANGAEA.706910,http://doi.pangaea.de/10.1594/PANGAEA.706910,"Lorenz, Andrea (2005): Variability of benthic foraminifera north and south of the Denmark Strait. PhD Thesis, Mathematisch-Naturwissenschaftliche Fakultät der Christian-Albrechts-Universität zu Kiel, 139 pp",,,,,,,,,,http://doi.pangaea.de/10.1594/PANGAEA.706910 OR 10.1594/PANGAEA.706910 OR doi:10.1594/PANGAEA.706910 -site:scientificcommons.org,1,original dataset in pangaea
13,http://www.pangaea.de/search?count=1&minlat=&minlon=&maxlat=&maxlon=&mindate=&maxdate=&env=All&q=%40supplement+year:2005+citation:year:2005&offset=13,doi:10.1594/PANGAEA.728135,http://doi.pangaea.de/10.1594/PANGAEA.728135,"Siegenthaler, Urs; Monnin, Eric; Kawamura, Kenji; Spahni, Renato; Schwander, Jakob; Stauffer, Bernhard; Stocker, Thomas F; Barnola, Jean-Marc; Fischer, Hubertus (2005): Supporting evidence from the EPICA Dronning Maud Land ice core for atmospheric CO2 changes during the past millennium. Tellus B, 57(1), 51-57",y,1,32,,,,,,,http://doi.pangaea.de/10.1594/PANGAEA.728135 OR 10.1594/PANGAEA.728135 OR doi:10.1594/PANGAEA.728135 -site:scientificcommons.org,0
14,http://www.pangaea.de/search?count=1&minlat=&minlon=&maxlat=&maxlon=&mindate=&maxdate=&env=All&q=%40supplement+year:2005+citation:year:2005&offset=14,doi:10.1594/PANGAEA.728454,http://doi.pangaea.de/10.1594/PANGAEA.728454,"Andreev, Andrei A; Tarasov, Pavel E; Ilyashuk, Boris P; Ilyashuk, Elena A; Cremer, Holger; Hermichen, Wolf-Dieter; Wischer, Frank; Hubberten, Hans-Wolfgang (2005): Holocene environmental history recorded in Lake Lyadhej-To sediments, Polar Urals, Russia. Palaeogeography, Palaeoclimatology, Palaeoecology, 223(3-4), 181-203",y,1,10,,,,,,,http://doi.pangaea.de/10.1594/PANGAEA.728454 OR 10.1594/PANGAEA.728454 OR doi:10.1594/PANGAEA.728454 -site:scientificcommons.org,0
15,http://www.pangaea.de/search?count=1&minlat=&minlon=&maxlat=&maxlon=&mindate=&maxdate=&env=All&q=%40supplement+year:2005+citation:year:2005&offset=15,doi:10.1594/PANGAEA.742767,http://doi.pangaea.de/10.1594/PANGAEA.742767,"Shimkus, Kazimir M (2005): Processes of Sedimentation in the Mediterranean and Black Seas in the Late Cenozoic. Scientific World Publ. (Moscow); Lisitzin, A.P. and Emel'yanov, E.M. (Eds), 280 pp",,,,,,,,,,http://doi.pangaea.de/10.1594/PANGAEA.742767 OR 10.1594/PANGAEA.742767 OR doi:10.1594/PANGAEA.742767 -site:scientificcommons.org,0
16,http://www.pangaea.de/search?count=1&minlat=&minlon=&maxlat=&maxlon=&mindate=&maxdate=&env=All&q=%40supplement+year:2005+citation:year:2005&offset=16,http://doi.pangaea.de/10.1594/PANGAEA.728138,http://doi.pangaea.de/10.1594/PANGAEA.728138,"Winkelmann, Daniel; Knies, Jochen (2005): Recent distribution and accumulation of organic carbon on the continental margin west off Spitsbergen. Geochemistry, Geophysics, Geosystems, 6(9), Q09012",y,4,16,,,,,,,http://doi.pangaea.de/10.1594/PANGAEA.728138 OR 10.1594/PANGAEA.728138 OR doi:10.1594/PANGAEA.728138 -site:scientificcommons.org,0
17,http://www.pangaea.de/search?count=1&minlat=&minlon=&maxlat=&maxlon=&mindate=&maxdate=&env=All&q=%40supplement+year:2005+citation:year:2005&offset=17,http://doi.pangaea.de/10.1594/PANGAEA.670929,http://doi.pangaea.de/10.1594/PANGAEA.670929,"Schwarz, Winfried H; Trieloff, Mario; Altherr, Rainer (2005): Subduction of solar-type noble gases from extraterrestrial dust: constraints from high-pressure low-temperature metamorphic deep-sea sediments. Contributions to Mineralogy and Petrology, 149, 675-684",y,1,3,,,,,,,http://doi.pangaea.de/10.1594/PANGAEA.670929 OR 10.1594/PANGAEA.670929 OR doi:10.1594/PANGAEA.670929 -site:scientificcommons.org,0
18,http://www.pangaea.de/search?count=1&minlat=&minlon=&maxlat=&maxlon=&mindate=&maxdate=&env=All&q=%40supplement+year:2005+citation:year:2005&offset=18,http://doi.pangaea.de/10.1594/PANGAEA.708249,http://doi.pangaea.de/10.1594/PANGAEA.708249,"Simstich, Johannes; Erlenkeuser, Helmut; Spielhagen, Robert F; Stanovoy, Vladimir V (2005): Modern and Holocene hydrographic characteristics of the shallow Kara Sea shelf (Siberia) as reflected by stable isotopes of bivalves and benthic foraminifera. Boreas, 34(3), 252-263",y,1,1,,,,,,,http://doi.pangaea.de/10.1594/PANGAEA.708249 OR 10.1594/PANGAEA.708249 OR doi:10.1594/PANGAEA.708249 -site:scientificcommons.org,0
19,http://www.pangaea.de/search?count=1&minlat=&minlon=&maxlat=&maxlon=&mindate=&maxdate=&env=All&q=%40supplement+year:2005+citation:year:2005&offset=19,http://doi.pangaea.de/10.1594/PANGAEA.206394,http://doi.pangaea.de/10.1594/PANGAEA.206394,"Niebuhr, Birgit (2005): Geochemistry and time-series analyses of orbitally forced Upper Cretaceous marl-limestone rhythmites (Lehrte West Syncline, northern Germany). Geological Magazine, 142(1), 31-55",y,1,6,,,,,,,http://doi.pangaea.de/10.1594/PANGAEA.206394 OR 10.1594/PANGAEA.206394 OR doi:10.1594/PANGAEA.206394 -site:scientificcommons.org,1,http://scholar.google.com/scholar?hl=en&q=http%3A%2F%2Fdoi.pangaea.de%2F10.1594%2FPANGAEA.206394+OR+10.1594%2FPANGAEA.206394+OR+doi%3A10.1594%2FPANGAEA.206394+-site%3Ascientificcommons.org&btnG=Search&as_sdt=0%2C48&as_ylo=&as_vis=0
20,http://www.pangaea.de/search?count=1&minlat=&minlon=&maxlat=&maxlon=&mindate=&maxdate=&env=All&q=%40supplement+year:2005+citation:year:2005&offset=20,http://doi.pangaea.de/10.1594/PANGAEA.484677,http://doi.pangaea.de/10.1594/PANGAEA.484677,"Bartoli, Gretta; Sarnthein, Michael; Weinelt, Mara; Erlenkeuser, Helmut; Garbe-Schönberg, Dieter; Lea, David W (2005): Final closure of Panama and the onset of northern hemisphere glaciation. Earth and Planetary Science Letters, 237, 33-44",y,1,50,,,,,,,http://doi.pangaea.de/10.1594/PANGAEA.484677 OR 10.1594/PANGAEA.484677 OR doi:10.1594/PANGAEA.484677 -site:scientificcommons.org,1,http://scholar.google.com/scholar?hl=en&q=http%3A%2F%2Fdoi.pangaea.de%2F10.1594%2FPANGAEA.484677+OR+10.1594%2FPANGAEA.484677+OR+doi%3A10.1594%2FPANGAEA.484677+-site%3Ascientificcommons.org&btnG=Search&as_sdt=0%2C48&as_ylo=&as_vis=0
21,http://www.pangaea.de/search?count=1&minlat=&minlon=&maxlat=&maxlon=&mindate=&maxdate=&env=All&q=%40supplement+year:2005+citation:year:2005&offset=21,http://doi.pangaea.de/10.1594/PANGAEA.688263,http://doi.pangaea.de/10.1594/PANGAEA.688263,"Kouchinsky, Artem; Bengtson, Stefan; Pavlov, Vladimir; Runnegar, Bruce; Val'kov, Anatolij K; Young, Edward (2005): Pre-Tommotian age of the lower Pestrotsvet Formation in the Selinde section on the Siberian platform: carbon isotopic evidence. Geological Magazine, 142(4), 319-325",y,2,9,,,4,5,2,6/2/2011,http://doi.pangaea.de/10.1594/PANGAEA.688263 OR 10.1594/PANGAEA.688263 OR doi:10.1594/PANGAEA.688263 -site:scientificcommons.org,0
22,http://www.pangaea.de/search?count=1&minlat=&minlon=&maxlat=&maxlon=&mindate=&maxdate=&env=All&q=%40supplement+year:2005+citation:year:2005&offset=22,http://doi.pangaea.de/10.1594/PANGAEA.700959,http://doi.pangaea.de/10.1594/PANGAEA.700959,"Fantle, Matthew S; DePaolo, Donald J (2005): Variations in the marine Ca cycle over the past 20 million years. Earth and Planetary Science Letters, 237(1-2), 102-117",y,1,41,,,,,,,http://doi.pangaea.de/10.1594/PANGAEA.700959 OR 10.1594/PANGAEA.700959 OR doi:10.1594/PANGAEA.700959 -site:scientificcommons.org,0
23,http://www.pangaea.de/search?count=1&minlat=&minlon=&maxlat=&maxlon=&mindate=&maxdate=&env=All&q=%40supplement+year:2005+citation:year:2005&offset=23,http://doi.pangaea.de/10.1594/PANGAEA.710774,http://doi.pangaea.de/10.1594/PANGAEA.710774,"Milkov, Alexei V; Claypool, George E; Lee, Young-Joo; Sassen, Roger (2005): Gas hydrate systems at Hydrate Ridge offshore Oregon inferred from molecular and isotopic properties of hydrate-bound and void gases. Geochimica et Cosmochimica Acta, 69(4), 1007-1026",y,2,30,,,,,,,http://doi.pangaea.de/10.1594/PANGAEA.710774 OR 10.1594/PANGAEA.710774 OR doi:10.1594/PANGAEA.710774 -site:scientificcommons.org,0
24,http://www.pangaea.de/search?count=1&minlat=&minlon=&maxlat=&maxlon=&mindate=&maxdate=&env=All&q=%40supplement+year:2005+citation:year:2005&offset=24,http://doi.pangaea.de/10.1594/PANGAEA.710788,http://doi.pangaea.de/10.1594/PANGAEA.710788,"Chazey III, William J; Neal, Clive R (2005): Platinum group element constraints on source composition and magma evolution of the Kerguelen Plateau using basalts from ODP Leg 183. Geochimica et Cosmochimica Acta, 69(19), 4685-4701",y,1,9,,,,,,,http://doi.pangaea.de/10.1594/PANGAEA.710788 OR 10.1594/PANGAEA.710788 OR doi:10.1594/PANGAEA.710788 -site:scientificcommons.org,0
25,http://www.pangaea.de/search?count=1&minlat=&minlon=&maxlat=&maxlon=&mindate=&maxdate=&env=All&q=%40supplement+year:2005+citation:year:2005&offset=25,http://doi.pangaea.de/10.1594/PANGAEA.710795,http://doi.pangaea.de/10.1594/PANGAEA.710795,"Humphris, Susan E; Bach, Wolfgang (2005): On the Sr isotope and REE compositions of anhydrites from the TAG seafloor hydrothermal system. Geochimica et Cosmochimica Acta, 69(6), 1511-1525",y,1,11,,,,,,,http://doi.pangaea.de/10.1594/PANGAEA.710795 OR 10.1594/PANGAEA.710795 OR doi:10.1594/PANGAEA.710795 -site:scientificcommons.org,0
26,http://www.pangaea.de/search?count=1&minlat=&minlon=&maxlat=&maxlon=&mindate=&maxdate=&env=All&q=%40supplement+year:2005+citation:year:2005&offset=26,http://doi.pangaea.de/10.1594/PANGAEA.711534,http://doi.pangaea.de/10.1594/PANGAEA.711534,"Bahr, André; Wong, HK; Yim, WW-S; Huang, G; Lüdmann, Thomas; Chan, LS; Ridley Thomas, WN (2005): Stratigraphy of Quaternary inner-shelf sediments in Tai O Bay, Hong Kong, based on ground-truthed seismic profiles. Geo-Marine Letters, 25(1), 20-33",y,1,4,,,,,,,http://doi.pangaea.de/10.1594/PANGAEA.711534 OR 10.1594/PANGAEA.711534 OR doi:10.1594/PANGAEA.711534 -site:scientificcommons.org,0
27,http://www.pangaea.de/search?count=1&minlat=&minlon=&maxlat=&maxlon=&mindate=&maxdate=&env=All&q=%40supplement+year:2005+citation:year:2005&offset=27,http://doi.pangaea.de/10.1594/PANGAEA.712921,http://doi.pangaea.de/10.1594/PANGAEA.712921,"Hönisch, Bärbel; Hemming, N Gary (2005): Surface ocean pH response to variations in pCO2 through two full glacial cycles. Earth and Planetary Science Letters, 236(1-2), 305-314",y,2,30,,,,,,,http://doi.pangaea.de/10.1594/PANGAEA.712921 OR 10.1594/PANGAEA.712921 OR doi:10.1594/PANGAEA.712921 -site:scientificcommons.org,0
28,http://www.pangaea.de/search?count=1&minlat=&minlon=&maxlat=&maxlon=&mindate=&maxdate=&env=All&q=%40supplement+year:2005+citation:year:2005&offset=28,http://doi.pangaea.de/10.1594/PANGAEA.712938,http://doi.pangaea.de/10.1594/PANGAEA.712938,"Marchitto, Thomas M; Lynch-Stieglitz, Jean; Hemming, Sidney R (2005): Deep Pacific CaCO3 compensation and glacial-interglacial atmospheric CO2. Earth and Planetary Science Letters, 231(3-4), 317-336",y,1,38,,,,,,,http://doi.pangaea.de/10.1594/PANGAEA.712938 OR 10.1594/PANGAEA.712938 OR doi:10.1594/PANGAEA.712938 -site:scientificcommons.org,0
29,http://www.pangaea.de/search?count=1&minlat=&minlon=&maxlat=&maxlon=&mindate=&maxdate=&env=All&q=%40supplement+year:2005+citation:year:2005&offset=29,http://doi.pangaea.de/10.1594/PANGAEA.713701,http://doi.pangaea.de/10.1594/PANGAEA.713701,"Oppo, Delia W; Sun, Youbin (2005): Amplitude and timing of sea-surface temperature change in the northern South China Sea: Dynamic link to the East Asian monsoon. Geology, 33(10), 785-788",y,1,20,,,,,,,http://doi.pangaea.de/10.1594/PANGAEA.713701 OR 10.1594/PANGAEA.713701 OR doi:10.1594/PANGAEA.713701 -site:scientificcommons.org,0
30,http://www.pangaea.de/search?count=1&minlat=&minlon=&maxlat=&maxlon=&mindate=&maxdate=&env=All&q=%40supplement+year:2005+citation:year:2005&offset=30,http://doi.pangaea.de/10.1594/PANGAEA.720961,http://doi.pangaea.de/10.1594/PANGAEA.720961,"Pekar, Stephen F; Hucks, Audrey; Fuller, Michael D; Li, Shawna (2005): Glacioeustatic changes in the early and middle Eocene (51-42 Ma): Shallow-water stratigraphy from ODP Leg 189 Site 1171 (South Tasman Rise) and deep-sea d18O records. Geological Society of America Bulletin, 117(7-8), 1081-1093",y,1,19,,,,,,,http://doi.pangaea.de/10.1594/PANGAEA.720961 OR 10.1594/PANGAEA.720961 OR doi:10.1594/PANGAEA.720961 -site:scientificcommons.org,0
31,http://www.pangaea.de/search?count=1&minlat=&minlon=&maxlat=&maxlon=&mindate=&maxdate=&env=All&q=%40supplement+year:2005+citation:year:2005&offset=31,http://doi.pangaea.de/10.1594/PANGAEA.721804,http://doi.pangaea.de/10.1594/PANGAEA.721804,"Cannariato, Kevin G; Kennett, James P (2005): Structure of the penultimate deglaciation along the California margin and implications for Milankovitch theory. Geology, 33(2), 157-160",y,1,14,,,21,0,0,6/2/2011,http://doi.pangaea.de/10.1594/PANGAEA.721804 OR 10.1594/PANGAEA.721804 OR doi:10.1594/PANGAEA.721804 -site:scientificcommons.org,0
32,http://www.pangaea.de/search?count=1&minlat=&minlon=&maxlat=&maxlon=&mindate=&maxdate=&env=All&q=%40supplement+year:2005+citation:year:2005&offset=32,http://doi.pangaea.de/10.1594/PANGAEA.722622,http://doi.pangaea.de/10.1594/PANGAEA.722622,"Mahoney, John J; Duncan, Robert A; Tejada, MLG; Sager, William W; Bralower, Timothy J (2005): Jurassic-Cretaceous boundary age and mid-ocean-ridge-type mantle source for Shatsky Rise. Geology, 33(3), 185-188",y,1,23,,,,,,,http://doi.pangaea.de/10.1594/PANGAEA.722622 OR 10.1594/PANGAEA.722622 OR doi:10.1594/PANGAEA.722622 -site:scientificcommons.org,0
33,http://www.pangaea.de/search?count=1&minlat=&minlon=&maxlat=&maxlon=&mindate=&maxdate=&env=All&q=%40supplement+year:2005+citation:year:2005&offset=33,http://doi.pangaea.de/10.1594/PANGAEA.727523,http://doi.pangaea.de/10.1594/PANGAEA.727523,"Elvert, Marcus; Hopmans, Ellen C; Treude, Tina; Boetius, Antje; Suess, Erwin (2005): Spatial variations of methanotrophic consortia at cold methane seeps: Implications from a high-resolution molecular and isotopic approach. Geobiology, 3(3), 195-209",y,1,31,,,,,,,http://doi.pangaea.de/10.1594/PANGAEA.727523 OR 10.1594/PANGAEA.727523 OR doi:10.1594/PANGAEA.727523 -site:scientificcommons.org,0
34,http://www.pangaea.de/search?count=1&minlat=&minlon=&maxlat=&maxlon=&mindate=&maxdate=&env=All&q=%40supplement+year:2005+citation:year:2005&offset=34,http://doi.pangaea.de/10.1594/PANGAEA.728219,http://doi.pangaea.de/10.1594/PANGAEA.728219,"Damm, Ellen; Mackensen, Andreas; Budéus, Gereon; Faber, Eckhard; Hanfland, Claudia (2005): Pathways of methane in seawater: Plume spreading in an Arctic shelf environment (SW-Spitsbergen). Continental Shelf Research, 25(12-13), 1453-1472",y,2,15,,,,,,,http://doi.pangaea.de/10.1594/PANGAEA.728219 OR 10.1594/PANGAEA.728219 OR doi:10.1594/PANGAEA.728219 -site:scientificcommons.org,0
35,http://www.pangaea.de/search?count=1&minlat=&minlon=&maxlat=&maxlon=&mindate=&maxdate=&env=All&q=%40supplement+year:2005+citation:year:2005&offset=35,http://doi.pangaea.de/10.1594/PANGAEA.230042,http://doi.pangaea.de/10.1594/PANGAEA.230042,"Geibert, Walter; Rutgers van der Loeff, Michiel M; Usbeck, Regina; Gersonde, Rainer; Kuhn, Gerhard; Seeberg-Elverfeldt, Jens (2005): Quantifying the opal belt in the Atlantic and southeast Pacific sector of the Southern Ocean by means of 230Th normalization. Global Biogeochemical Cycles, 19, 13 pp",y,3,9,,,,,,,http://doi.pangaea.de/10.1594/PANGAEA.230042 OR 10.1594/PANGAEA.230042 OR doi:10.1594/PANGAEA.230042 -site:scientificcommons.org,2 (1 is a summary of the data set),http://scholar.google.com/scholar?hl=en&q=http%3A%2F%2Fdoi.pangaea.de%2F10.1594%2FPANGAEA.230042+OR+10.1594%2FPANGAEA.230042+OR+doi%3A10.1594%2FPANGAEA.230042+-site%3Ascientificcommons.org&btnG=Search&as_sdt=0%2C48&as_ylo=&as_vis=0
36,http://www.pangaea.de/search?count=1&minlat=&minlon=&maxlat=&maxlon=&mindate=&maxdate=&env=All&q=%40supplement+year:2005+citation:year:2005&offset=36,http://doi.pangaea.de/10.1594/PANGAEA.672035,http://doi.pangaea.de/10.1594/PANGAEA.672035,"Haberzettl, Torsten; Fey, Michael; Lücke, Andreas; Maidana, Nora; Mayr, Christoph; Ohlendorf, Christian; Schäbitz, Frank; Schleser, Gerhard Hans; Wille, Michael; Zolitschka, Bernd (2005): Climatically induced lake level changes during the last two millennia as reflected in sediments of Laguna Potrok Aike, southern Patagonia (Santa Cruz, Argentina). Journal of Paleolimnology, 33(3), 283-302",y,1,37,,,,,,,http://doi.pangaea.de/10.1594/PANGAEA.672035 OR 10.1594/PANGAEA.672035 OR doi:10.1594/PANGAEA.672035 -site:scientificcommons.org,0
37,http://www.pangaea.de/search?count=1&minlat=&minlon=&maxlat=&maxlon=&mindate=&maxdate=&env=All&q=%40supplement+year:2005+citation:year:2005&offset=37,http://doi.pangaea.de/10.1594/PANGAEA.711520,http://doi.pangaea.de/10.1594/PANGAEA.711520,"Wang, Daming; Van der Voo, Rob; Peacor, Donald R (2005): Why is the remanent magnetic intensity of Cretaceous MORB so much higher than that of mid to late Cenozoic MORB?. Geosphere, 1(3), 138-146",y,1,3,,,,,,,http://doi.pangaea.de/10.1594/PANGAEA.711520 OR 10.1594/PANGAEA.711520 OR doi:10.1594/PANGAEA.711520 -site:scientificcommons.org,0
38,http://www.pangaea.de/search?count=1&minlat=&minlon=&maxlat=&maxlon=&mindate=&maxdate=&env=All&q=%40supplement+year:2005+citation:year:2005&offset=38,http://doi.pangaea.de/10.1594/PANGAEA.315658,http://doi.pangaea.de/10.1594/PANGAEA.315658,"Millo, Christian; Sarnthein, Michael; Erlenkeuser, Helmut; Grootes, Pieter Meiert; Andersen, Nils (2005): Methane-Induced Early Diagenesis of Foraminiferal Tests in the Southwestern Greenland Sea. Marine Micropaleontology, 58(1), 1-12",y,1,5,,,,,,,http://doi.pangaea.de/10.1594/PANGAEA.315658 OR 10.1594/PANGAEA.315658 OR doi:10.1594/PANGAEA.315658 -site:scientificcommons.org,0
39,http://www.pangaea.de/search?count=1&minlat=&minlon=&maxlat=&maxlon=&mindate=&maxdate=&env=All&q=%40supplement+year:2005+citation:year:2005&offset=39,http://doi.pangaea.de/10.1594/PANGAEA.370797,http://doi.pangaea.de/10.1594/PANGAEA.370797,"Beyer, Andreas; Rathlau, Rike; Schenke, Hans Werner (2005): Multibeam bathymetry of the Håkon Mosby Mud Volcano. Marine Geophysical Researches, 26, 61-75",y,1,4,,,,,,,http://doi.pangaea.de/10.1594/PANGAEA.370797 OR 10.1594/PANGAEA.370797 OR doi:10.1594/PANGAEA.370797 -site:scientificcommons.org,1,http://scholar.google.com/scholar?hl=en&q=http%3A%2F%2Fdoi.pangaea.de%2F10.1594%2FPANGAEA.370797+OR+10.1594%2FPANGAEA.370797+OR+doi%3A10.1594%2FPANGAEA.370797+-site%3Ascientificcommons.org&btnG=Search&as_sdt=0%2C48&as_ylo=&as_vis=0
40,http://www.pangaea.de/search?count=1&minlat=&minlon=&maxlat=&maxlon=&mindate=&maxdate=&env=All&q=%40supplement+year:2005+citation:year:2005&offset=40,http://doi.pangaea.de/10.1594/PANGAEA.472208,http://doi.pangaea.de/10.1594/PANGAEA.472208,"Sirocko, Frank; Seelos, Klemens; Schaber, Katja; Rein, Bert; Dreher, Frank; Diehl, Markus; Lehne, Rouwen; Jäger, Knut; Krbetschek, Matthias R; Degering, Detlev (2005): A late eemian aridity pulse in central Europe during the last glacial inception. Nature, 436, 833-836,",Y,1,36,,,,,,,http://doi.pangaea.de/10.1594/PANGAEA.472208 OR 10.1594/PANGAEA.472208 OR doi:10.1594/PANGAEA.472208 -site:scientificcommons.org,0
41,http://www.pangaea.de/search?count=1&minlat=&minlon=&maxlat=&maxlon=&mindate=&maxdate=&env=All&q=%40supplement+year:2005+citation:year:2005&offset=41,http://doi.pangaea.de/10.1594/PANGAEA.676688,http://doi.pangaea.de/10.1594/PANGAEA.676688,"Funakawa, Satoshi; Nishi, Hiroshi (2005): Late middle Eocene to late Oligocene radiolarian biostratigraphy in the Southern Ocean (Maud Rise, ODP Leg 113, Site 689). Marine Micropaleontology, 54(3-4), 213-247",Y,1,4,,,,,,,http://doi.pangaea.de/10.1594/PANGAEA.676688 OR 10.1594/PANGAEA.676688 OR doi:10.1594/PANGAEA.676688 -site:scientificcommons.org,0
42,http://www.pangaea.de/search?count=1&minlat=&minlon=&maxlat=&maxlon=&mindate=&maxdate=&env=All&q=%40supplement+year:2005+citation:year:2005&offset=42,http://doi.pangaea.de/10.1594/PANGAEA.676892,http://doi.pangaea.de/10.1594/PANGAEA.676892,"Hess, Silvia; Kuhnt, Wolfgang (2005): Neogene and Quaternary paleoceanographic changes in the southern South China Sea (Site 1143): the benthic foraminiferal record. Marine Micropaleontology, 54(1-2), 63-87",Y,1,16,,,,,,,http://doi.pangaea.de/10.1594/PANGAEA.676892 OR 10.1594/PANGAEA.676892 OR doi:10.1594/PANGAEA.676892 -site:scientificcommons.org,0
43,http://www.pangaea.de/search?count=1&minlat=&minlon=&maxlat=&maxlon=&mindate=&maxdate=&env=All&q=%40supplement+year:2005+citation:year:2005&offset=43,http://doi.pangaea.de/10.1594/PANGAEA.684703,http://doi.pangaea.de/10.1594/PANGAEA.684703,"Cronin, Thomas M; Dowsett, Harry J; Dwyer, Gary S; Baker, Paul A; Chandler, Mark A (2005): Mid-Pliocene deep-sea bottom-water temperatures based on ostracode Mg/Ca ratios. Marine Micropaleontology, 54(3-4), 249-261",y,1,13,,,,,,,http://doi.pangaea.de/10.1594/PANGAEA.684703 OR 10.1594/PANGAEA.684703 OR doi:10.1594/PANGAEA.684703 -site:scientificcommons.org,0
44,http://www.pangaea.de/search?count=1&minlat=&minlon=&maxlat=&maxlon=&mindate=&maxdate=&env=All&q=%40supplement+year:2005+citation:year:2005&offset=44,http://doi.pangaea.de/10.1594/PANGAEA.685594,http://doi.pangaea.de/10.1594/PANGAEA.685594,"Kamikuri, Shin-Ichi; Nishi, Hiroshi; Moore, Theodore C; Nigrini, Catherine A; Motoyama, Isao (2005): Radiolarian faunal turnover across the Oligocene/Miocene boundary in the equatorial Pacific Ocean. Marine Micropaleontology, 57(3-4), 74-96",y,1,2,,,,,,,http://doi.pangaea.de/10.1594/PANGAEA.685594 OR 10.1594/PANGAEA.685594 OR doi:10.1594/PANGAEA.685594 -site:scientificcommons.org,0
45,http://www.pangaea.de/search?count=1&minlat=&minlon=&maxlat=&maxlon=&mindate=&maxdate=&env=All&q=%40supplement+year:2005+citation:year:2005&offset=45,http://doi.pangaea.de/10.1594/PANGAEA.690658,http://doi.pangaea.de/10.1594/PANGAEA.690658,"Cheng, Xinrong; Huang, Baoqi; Jian, Zhimin; Zhao, Quanhong; Tian, Jun; Li, Jianru (2005): Foraminiferal isotopic evidence for monsoonal activity in the South China Sea: a present-LGM comparison. Marine Micropaleontology, 54(1-2), 125-139",n,,,,,,,,,http://doi.pangaea.de/10.1594/PANGAEA.690658 OR 10.1594/PANGAEA.690658 OR doi:10.1594/PANGAEA.690658 -site:scientificcommons.org,0
46,http://www.pangaea.de/search?count=1&minlat=&minlon=&maxlat=&maxlon=&mindate=&maxdate=&env=All&q=%40supplement+year:2005+citation:year:2005&offset=46,http://doi.pangaea.de/10.1594/PANGAEA.690848,http://doi.pangaea.de/10.1594/PANGAEA.690848,"Villa, Giuliana; Palandri, Silvia; Wise, Sherwood W (2005): Quaternary calcareous nannofossils from Periantarctic basins: Paleoecological and paleoclimatic implications. Marine Micropaleontology, 56(3-4), 103-121",y,1,5,,,,,,,http://doi.pangaea.de/10.1594/PANGAEA.690848 OR 10.1594/PANGAEA.690848 OR doi:10.1594/PANGAEA.690848 -site:scientificcommons.org,0
47,http://www.pangaea.de/search?count=1&minlat=&minlon=&maxlat=&maxlon=&mindate=&maxdate=&env=All&q=%40supplement+year:2005+citation:year:2005&offset=47,http://doi.pangaea.de/10.1594/PANGAEA.691304,http://doi.pangaea.de/10.1594/PANGAEA.691304,"Li, Qianyu; Jian, Zhimin; Su, Xin (2005): Late Oligocene rapid transformations in the South China Sea. Marine Micropaleontology, 54(1-2), 5-25",n,,,,,,,,,http://doi.pangaea.de/10.1594/PANGAEA.691304 OR 10.1594/PANGAEA.691304 OR doi:10.1594/PANGAEA.691304 -site:scientificcommons.org,0
48,http://www.pangaea.de/search?count=1&minlat=&minlon=&maxlat=&maxlon=&mindate=&maxdate=&env=All&q=%40supplement+year:2005+citation:year:2005&offset=48,http://doi.pangaea.de/10.1594/PANGAEA.691478,http://doi.pangaea.de/10.1594/PANGAEA.691478,"Schaefer, Grace; Rodger, J Stuart; Hayward, Bruce W; Kennett, James P; Sabaa, Ashwaq T; Scott, George H (2005): Planktic foraminiferal and sea surface temperature record during the last 1 Myr across the Subtropical Front, Southwest Pacific. Marine Micropaleontology, 54(3-4), 191-212",y,1,12,,,,,,,http://doi.pangaea.de/10.1594/PANGAEA.691478 OR 10.1594/PANGAEA.691478 OR doi:10.1594/PANGAEA.691478 -site:scientificcommons.org,0
49,http://www.pangaea.de/search?count=1&minlat=&minlon=&maxlat=&maxlon=&mindate=&maxdate=&env=All&q=%40supplement+year:2005+citation:year:2005&offset=49,http://doi.pangaea.de/10.1594/PANGAEA.726861,http://doi.pangaea.de/10.1594/PANGAEA.726861,"Mohtadi, Mahyar; Hebbeln, Dierk; Marchant, Margarita (2005): Upwelling and productivity along the Peru-Chile current derived from faunal and isotopic compositions of planktic foraminifera in surface sediments. Marine Geology, 216(3), 107-126,",y,1,10,,,10,4,2,6/3/2011,http://doi.pangaea.de/10.1594/PANGAEA.726861 OR 10.1594/PANGAEA.726861 OR doi:10.1594/PANGAEA.726861 -site:scientificcommons.org,0
50,http://www.pangaea.de/search?count=1&minlat=&minlon=&maxlat=&maxlon=&mindate=&maxdate=&env=All&q=%40supplement+year:2005+citation:year:2005&offset=50,http://doi.pangaea.de/10.1594/PANGAEA.728220,http://doi.pangaea.de/10.1594/PANGAEA.728220,"Licari, Laetitia; Mackensen, Andreas (2005): Benthic foraminifera off West Africa (1°N to 32°S): Do live assemblages from the topmost sediment reliably record environmental variability?. Marine Micropaleontology, 55(3-4), 205-233",y,1,26,,,,,,,http://doi.pangaea.de/10.1594/PANGAEA.728220 OR 10.1594/PANGAEA.728220 OR doi:10.1594/PANGAEA.728220 -site:scientificcommons.org,0
51,http://www.pangaea.de/search?count=1&minlat=&minlon=&maxlat=&maxlon=&mindate=&maxdate=&env=All&q=%40supplement+year:2005+citation:year:2005&offset=51,http://doi.pangaea.de/10.1016/j.margeo.2004.11.001,http://doi.pangaea.de/10.1594/PANGAEA.736780,"Schimanski, Alexander; Stattegger, Karl (2005): Deglacial and Holocene evolution of the Vietnam shelf: stratigraphy, sediments and sea-level change. Marine Geology, 214(4), 365-387",y,2,19,,,,,,,http://doi.pangaea.de/10.1594/PANGAEA.736780 OR 10.1594/PANGAEA.736780 OR doi:10.1594/PANGAEA.736780 -site:scientificcommons.org,0
52,http://www.pangaea.de/search?count=1&minlat=&minlon=&maxlat=&maxlon=&mindate=&maxdate=&env=All&q=%40supplement+year:2005+citation:year:2005&offset=52,http://doi.pangaea.de/10.1016/j.margeo.2006.05.014,http://doi.pangaea.de/10.1594/PANGAEA.738280,"Klöcker, Ralph; Henrich, Rüdiger (2005): Recent and Late Quaternary pteropod preservation on the Pakistan shelf and continental slope. Marine Geology, 231(1-4), 103-112",n,,,,,,,,,http://doi.pangaea.de/10.1594/PANGAEA.738280 OR 10.1594/PANGAEA.738280 OR doi:10.1594/PANGAEA.738280 -site:scientificcommons.org,0
53,http://www.pangaea.de/search?count=1&minlat=&minlon=&maxlat=&maxlon=&mindate=&maxdate=&env=All&q=%40supplement+year:2005+citation:year:2005&offset=53,http://doi.pangaea.de/10.1016/j.quascirev.2004.07.020,http://doi.pangaea.de/10.1594/PANGAEA.227317,"Barrows, Timothy T; Juggins, Steve (2005): Sea-surface temperatures around the Australian margin and Indian Ocean during the last glacial maximum. Quaternary Science Reviews, 24(7-9), 1017-1047",y,1,42,,,,,,,http://doi.pangaea.de/10.1594/PANGAEA.227317 OR 10.1594/PANGAEA.227317 OR doi:10.1594/PANGAEA.227317 -site:scientificcommons.org,2,http://scholar.google.com/scholar?hl=en&q=http%3A%2F%2Fdoi.pangaea.de%2F10.1594%2FPANGAEA.227317+OR+10.1594%2FPANGAEA.227317+OR+doi%3A10.1594%2FPANGAEA.227317+-site%3Ascientificcommons.org&btnG=Search&as_sdt=0%2C48&as_ylo=&as_vis=0
54,http://www.pangaea.de/search?count=1&minlat=&minlon=&maxlat=&maxlon=&mindate=&maxdate=&env=All&q=%40supplement+year:2005+citation:year:2005&offset=54,http://doi.pangaea.de/10.1126/science.1120130,http://doi.pangaea.de/10.1594/PANGAEA.728136,"Siegenthaler, Urs; Stocker, Thomas F; Monnin, Eric; Lüthi, Dieter; Schwander, Jakob; Stauffer, Bernhard; Raynaud, Dominique; Barnola, Jean-Marc; Fischer, Hubertus; Masson-Delmotte, Valerie; Jouzel, Jean (2005): Stable carbon cycle - Climate relationship during the Late Pleistocene. Science, 310(5752), 1313-1317",y,3,209,,,,,,,http://doi.pangaea.de/10.1594/PANGAEA.728136 OR 10.1594/PANGAEA.728136 OR doi:10.1594/PANGAEA.728136 -site:scientificcommons.org,0
55,http://www.pangaea.de/search?count=1&minlat=&minlon=&maxlat=&maxlon=&mindate=&maxdate=&env=All&q=%40supplement+year:2005+citation:year:2005&offset=55,http://doi.pangaea.de/10.1016/j.quascirev.2004.07.015,http://doi.pangaea.de/10.1594/PANGAEA.728237,"Gersonde, Rainer; Crosta, Xavier; Abelmann, Andrea; Armand, Leanne K (2005): Sea-surface temperature and sea ice distribution of the Southern Ocean at the EPILOG Last Glacial Maximum: A circum-Antarctic view based on siliceous microfossil records. Quaternary Science Reviews, 24(7-9), 869-896",y,1,98,,,,,,,http://doi.pangaea.de/10.1594/PANGAEA.728237 OR 10.1594/PANGAEA.728237 OR doi:10.1594/PANGAEA.728237 -site:scientificcommons.org,0
56,http://www.pangaea.de/search?count=1&minlat=&minlon=&maxlat=&maxlon=&mindate=&maxdate=&env=All&q=%40supplement+year:2005+citation:year:2005&offset=56,http://doi.pangaea.de/10.1029/2004PA001044,http://doi.pangaea.de/10.1594/PANGAEA.738202,"Schmiedl, Gerhard; Leuschner, Dirk C (2005): Oxygenation changes in the deep western Arabian Sea during the last 190,000 years: productivity versus deep-water circulation. Paleoceanography, 20, PA2008",y,4,13,,,,,,,http://doi.pangaea.de/10.1594/PANGAEA.738202 OR 10.1594/PANGAEA.738202 OR doi:10.1594/PANGAEA.738202 -site:scientificcommons.org,0
57,http://www.pangaea.de/search?count=1&minlat=&minlon=&maxlat=&maxlon=&mindate=&maxdate=&env=All&q=%40supplement+year:2005+citation:year:2005&offset=57,http://doi.pangaea.de/10.1016/j.quascirev.2005.01.016,http://doi.pangaea.de/10.1594/PANGAEA.742948,"Maslin, Mark A; Vilela, Naja; Mikkelsen, Naja; Grootes, Pieter Meiert (2005): Causes of catastrophic sediment failures of the Amazon Fan. Quaternary Science Reviews, 24(20-21), 2180-2193",y,1,15,,,,,,,http://doi.pangaea.de/10.1594/PANGAEA.742948 OR 10.1594/PANGAEA.742948 OR doi:10.1594/PANGAEA.742948 -site:scientificcommons.org,0
58,http://www.pangaea.de/search?count=1&minlat=&minlon=&maxlat=&maxlon=&mindate=&maxdate=&env=All&q=%40supplement+year:2005+citation:year:2005&offset=58,http://doi.pangaea.de/10.1016/j.sedgeo.2004.12.024,http://doi.pangaea.de/10.1594/PANGAEA.738225,"Schwarz, Johanna; Rendle-Bühring, Rebecca (2005): Controls on modern carbonate preservation in the southern Florida Straits. Sedimentary Geology, 175, 153-167",y,1,2,,,,,,,http://doi.pangaea.de/10.1594/PANGAEA.738225 OR 10.1594/PANGAEA.738225 OR doi:10.1594/PANGAEA.738225 -site:scientificcommons.org,0
59,http://www.pangaea.de/search?count=1&minlat=&minlon=&maxlat=&maxlon=&mindate=&maxdate=&env=All&q=%40supplement+year:2005+citation:year:2005&offset=59,http://doi.pangaea.de/10.1594/PANGAEA.707898,http://doi.pangaea.de/10.1594/PANGAEA.707898,"Teichert, Barbara MA; Torres, Marta E; Bohrmann, Gerhard; Eisenhauer, Anton (2005): Fluid sources, fluid pathways and diagenetic reactions across an accretionary prism revealed by Sr and B geochemistry. Earth and Planetary Science Letters, 239(1-2), 106-121",y,1,8,,,8,7,1,6/3/2011,http://doi.pangaea.de/10.1594/PANGAEA.707898 OR 10.1594/PANGAEA.707898 OR doi:10.1594/PANGAEA.707898 -site:scientificcommons.org,0
60,http://www.pangaea.de/search?count=1&minlat=&minlon=&maxlat=&maxlon=&mindate=&maxdate=&env=All&q=%40supplement+year:2005+citation:year:2005&offset=60,http://doi.pangaea.de/10.1016/j.epsl.2005.07.004,http://doi.pangaea.de/10.1594/PANGAEA.707916,"Lanci, Luca; Parés, Josep M; Channell, James ET; Kent, Dennis V (2005): Oligocene magnetostratigraphy from Equatorial Pacific sediments (ODP Sites 1218 and 1219, Leg 199). Earth and Planetary Science Letters, 237(3-4), 617-634",y,1,8,,,,,,,http://doi.pangaea.de/10.1594/PANGAEA.707916 OR 10.1594/PANGAEA.707916 OR doi:10.1594/PANGAEA.707916 -site:scientificcommons.org,0
61,http://www.pangaea.de/search?count=1&minlat=&minlon=&maxlat=&maxlon=&mindate=&maxdate=&env=All&q=%40supplement+year:2005+citation:year:2005&offset=61,http://doi.pangaea.de/10.1016/j.epsl.2005.03.005,http://doi.pangaea.de/10.1594/PANGAEA.707921,"Kelley, Katherine A; Plank, Terry; Farr, Linda; Ludden, John N; Staudigel, Hubert (2005): Subduction cycling of U, Th, and Pb. Earth and Planetary Science Letters, 234(3-4), 369-383",y,1,31,,,,,,,http://doi.pangaea.de/10.1594/PANGAEA.707921 OR 10.1594/PANGAEA.707921 OR doi:10.1594/PANGAEA.707921 -site:scientificcommons.org,0
62,http://www.pangaea.de/search?count=1&minlat=&minlon=&maxlat=&maxlon=&mindate=&maxdate=&env=All&q=%40supplement+year:2005+citation:year:2005&offset=62,http://doi.pangaea.de/10.1016/j.epsl.2005.05.026,http://doi.pangaea.de/10.1594/PANGAEA.707911,"Nonnotte, Philippe; Ceuleneer, Georges; Benoit, Mathieu (2005): Genesis of andesitic-boninitic magmas at mid-ocean ridges by melting of hydrated peridotites: Geochemical evidence from DSDP Site 334 gabbronorites. Earth and Planetary Science Letters, 236(3-4), 632-653",y ,1,15,,,,,,,http://doi.pangaea.de/10.1594/PANGAEA.707911 OR 10.1594/PANGAEA.707911 OR doi:10.1594/PANGAEA.707911 -site:scientificcommons.org,0
63,http://www.pangaea.de/search?count=1&minlat=&minlon=&maxlat=&maxlon=&mindate=&maxdate=&env=All&q=%40supplement+year:2005+citation:year:2005&offset=63,http://doi.pangaea.de/10.1016/j.epsl.2005.01.008,http://doi.pangaea.de/10.1594/PANGAEA.708054,"Gillis, Kathryn M; Coogan, Laurence A; Pedersen, Rolf B (2005): Strontium isotope constraints on fluid flow in the upper oceanic crust at the East Pacific Rise. Earth and Planetary Science Letters, 232(1-2), 83-94",y,2,13,,,,,,,http://doi.pangaea.de/10.1594/PANGAEA.708054 OR 10.1594/PANGAEA.708054 OR doi:10.1594/PANGAEA.708054 -site:scientificcommons.org,0
64,http://www.pangaea.de/search?count=1&minlat=&minlon=&maxlat=&maxlon=&mindate=&maxdate=&env=All&q=%40supplement+year:2005+citation:year:2005&offset=64,http://doi.pangaea.de/10.1016/j.epsl.2005.01.020,http://doi.pangaea.de/10.1594/PANGAEA.708066,"George, Rhiannon; Turner, Simon; Morris, Julie; Plank, Terry; Hawkesworth, Chris J; Ryan, Jeffrey (2005): Pressure-temperature-time paths of sediment recycling beneath the Tonga-Kermadec arc. Earth and Planetary Science Letters, 233(1-2), 195-211",y,2,13,,,,,,,http://doi.pangaea.de/10.1594/PANGAEA.708066 OR 10.1594/PANGAEA.708066 OR doi:10.1594/PANGAEA.708066 -site:scientificcommons.org,0
65,http://www.pangaea.de/search?count=1&minlat=&minlon=&maxlat=&maxlon=&mindate=&maxdate=&env=All&q=%40supplement+year:2005+citation:year:2005&offset=65,http://doi.pangaea.de/10.1029/2005PA001146,http://doi.pangaea.de/10.1594/PANGAEA.737972,"Kaiser, Jérome; Lamy, Frank; Hebbeln, Dierk (2005): A 70-kyr sea surface temperature record off southern Chile (Ocean Drilling Programm Site 1233). Paleoceanography, 20, PA4009",y,4,40,,,,,,,http://doi.pangaea.de/10.1594/PANGAEA.737972 OR 10.1594/PANGAEA.737972 OR doi:10.1594/PANGAEA.737972 -site:scientificcommons.org,0
66,http://www.pangaea.de/search?count=1&minlat=&minlon=&maxlat=&maxlon=&mindate=&maxdate=&env=All&q=%40supplement+year:2005+citation:year:2005&offset=66,http://doi.pangaea.de/10.1144/0016-764903-171,http://doi.pangaea.de/10.1594/PANGAEA.737945,"Bornemann, André; Pross, Jörg; Reichelt, Kerstin; Herrle, Jens O; Hemleben, Christoph; Mutterlose, Jörg (2005): Reconstruction of short-term palaeoceanographic changes during the formation of the Late Albian Niveau Breistroffer black shales (Oceanic Anoxic Event 1d, SE France). Journal of the Geological Society of London, 162(4), 623-639",y,1,17,,,,,,,http://doi.pangaea.de/10.1594/PANGAEA.737945 OR 10.1594/PANGAEA.737945 OR doi:10.1594/PANGAEA.737945 -site:scientificcommons.org,0
67,http://www.pangaea.de/search?count=1&minlat=&minlon=&maxlat=&maxlon=&mindate=&maxdate=&env=All&q=%40supplement+year:2005+citation:year:2005&offset=67,http://doi.pangaea.de/10.1016/j.gca.2005.02.004,http://doi.pangaea.de/10.1594/PANGAEA.737976,"Riedinger, Natascha; Pfeifer, Kerstin; Kasten, Sabine; Garming, J F Linda; Vogt, Christoph; Hensen, Christian (2005): Diagenetic alteration of magnetic signals by anaerobic oxidation of methane related to a change in sedimentation rate. Geochimica et Cosmochimica Acta, 69, 4117-4126",y,1,17,,,,,,,http://doi.pangaea.de/10.1594/PANGAEA.737976 OR 10.1594/PANGAEA.737976 OR doi:10.1594/PANGAEA.737976 -site:scientificcommons.org,0
68,http://www.pangaea.de/search?count=1&minlat=&minlon=&maxlat=&maxlon=&mindate=&maxdate=&env=All&q=%40supplement+year:2005+citation:year:2005&offset=68,http://doi.pangaea.de/10.1016/j.palaeo.2005.04.007,http://doi.pangaea.de/10.1594/PANGAEA.737999,"Jacot des Combes, Hélène; Caulet, Jean-Pierre; Tribovillard, Nicolas (2005): Monitoring the variations of the Socotra upwelling system during the last 250 kyr: a biogenic and geochemical approach. Palaeogeography, Palaeoclimatology, Palaeoecology, 223(3-4), 243-259",n,,,,,,,,,http://doi.pangaea.de/10.1594/PANGAEA.737999 OR 10.1594/PANGAEA.737999 OR doi:10.1594/PANGAEA.737999 -site:scientificcommons.org,0
69,http://www.pangaea.de/search?count=1&minlat=&minlon=&maxlat=&maxlon=&mindate=&maxdate=&env=All&q=%40supplement+year:2005+citation:year:2005&offset=69,http://doi.pangaea.de/10.1007/s10152-005-0012-5,http://doi.pangaea.de/10.1594/PANGAEA.738103,"Villegas, Mario J; Stotz, Wolfgang; Laudien, Jürgen (2005): First record of an epibiosis between the sand crab Emerita analoga (Stimpson, 1857) (Decapoda: Hippidae) and the mussel Semimytilus algosus (Gould, 1850) (Bivalvia, Mytilidae) in southern Peru. Helgoland Marine Research, 60(1), 25-31",y,1,1,,,,,,,http://doi.pangaea.de/10.1594/PANGAEA.738103 OR 10.1594/PANGAEA.738103 OR doi:10.1594/PANGAEA.738103 -site:scientificcommons.org,0
70,http://www.pangaea.de/search?count=1&minlat=&minlon=&maxlat=&maxlon=&mindate=&maxdate=&env=All&q=%40supplement+year:2005+citation:year:2005&offset=70,http://doi.pangaea.de/10.1029/2004PA001094,http://doi.pangaea.de/10.1594/PANGAEA.738105,"Holbourn, Ann E L; Kuhnt, Wolfgang; Kawamura, Hiroshi; Jian, Zhimin; Grootes, Pieter Meiert; Erlenkeuser, Helmut; Xu, Jian (2005): Orbitally-paced paleoproductivity variations in the Timor Sea and Indonesian Throughflow variability during the last 460-ky. Paleoceanography, 20, PA3002",y,4,20,,,,,,,http://doi.pangaea.de/10.1594/PANGAEA.738105 OR 10.1594/PANGAEA.738105 OR doi:10.1594/PANGAEA.738105 -site:scientificcommons.org,0
71,http://www.pangaea.de/search?count=1&minlat=&minlon=&maxlat=&maxlon=&mindate=&maxdate=&env=All&q=%40supplement+year:2005+citation:year:2005&offset=71,http://doi.pangaea.de/10.1130/G21790.1,http://doi.pangaea.de/10.1594/PANGAEA.738187,"Millo, Christian; Sarnthein, Michael; Erlenkeuser, Helmut; Frederichs, Thomas (2005): Methane-driven late Pleistocene d13C minima and overflow reversals in the southwestern Greenland Sea. Geology, 33(11), 873-876",y,1,10,,,,,,,http://doi.pangaea.de/10.1594/PANGAEA.738187 OR 10.1594/PANGAEA.738187 OR doi:10.1594/PANGAEA.738187 -site:scientificcommons.org,0
72,http://www.pangaea.de/search?count=1&minlat=&minlon=&maxlat=&maxlon=&mindate=&maxdate=&env=All&q=%40supplement+year:2005+citation:year:2005&offset=72,http://doi.pangaea.de/10.1029/2004GC000786,http://doi.pangaea.de/10.1594/PANGAEA.738188,"Kuhnert, Henning; Crüger, Traute; Pätzold, Jürgen (2005): NAO signature in a Bermuda coral Sr/Ca record. Geochemistry, Geophysics, Geosystems, 6, Q04004",y,1,12,,,,,,,http://doi.pangaea.de/10.1594/PANGAEA.738188 OR 10.1594/PANGAEA.738188 OR doi:10.1594/PANGAEA.738188 -site:scientificcommons.org,0
73,http://www.pangaea.de/search?count=1&minlat=&minlon=&maxlat=&maxlon=&mindate=&maxdate=&env=All&q=%40supplement+year:2005+citation:year:2005&offset=73,http://doi.pangaea.de/10.1016/j.palaeo.2005.06.022,http://doi.pangaea.de/10.1594/PANGAEA.738196,"Ehrmann, Werner U; Setti, Massimo; Marinoni, L (2005): Clay minerals in Cenozoic sediments off Cape Roberts (McMurdo Sound, Antarctica) reveal palaeoclimatic history. Palaeogeography, Palaeoclimatology, Palaeoecology, 229(3), 187-211",y,1,13,,,,,,,http://doi.pangaea.de/10.1594/PANGAEA.738196 OR 10.1594/PANGAEA.738196 OR doi:10.1594/PANGAEA.738196 -site:scientificcommons.org,0
74,http://www.pangaea.de/search?count=1&minlat=&minlon=&maxlat=&maxlon=&mindate=&maxdate=&env=All&q=%40supplement+year:2005+citation:year:2005&offset=74,http://doi.pangaea.de/10.1038/nature03945,http://doi.pangaea.de/10.1594/PANGAEA.738200,"Schefuß, Enno; Schouten, Stefan; Schneider, Ralph R (2005): Climatic controls on central African hydrology during the last 20,000 years. Nature, 437, 1003-1006",y,1,61,,,,,,,http://doi.pangaea.de/10.1594/PANGAEA.738200 OR 10.1594/PANGAEA.738200 OR doi:10.1594/PANGAEA.738200 -site:scientificcommons.org,0
75,http://www.pangaea.de/search?count=1&minlat=&minlon=&maxlat=&maxlon=&mindate=&maxdate=&env=All&q=%40supplement+year:2005+citation:year:2005&offset=75,http://doi.pangaea.de/10.1130/G21401.1,http://doi.pangaea.de/10.1594/PANGAEA.738210,"Dupont, Lydie M; Donner, Barbara; Vidal, Laurence; Pérez, Elena M; Wefer, Gerold (2005): Linking desert evolution and coastal upwelling: Pliocene climate change in Namibia. Geology, 33(6), 461-464",y,1,15,,,,,,,http://doi.pangaea.de/10.1594/PANGAEA.738210 OR 10.1594/PANGAEA.738210 OR doi:10.1594/PANGAEA.738210 -site:scientificcommons.org,0
76,http://www.pangaea.de/search?count=1&minlat=&minlon=&maxlat=&maxlon=&mindate=&maxdate=&env=All&q=%40supplement+year:2005+citation:year:2005&offset=76,http://doi.pangaea.de/10.1594/PANGAEA.738239,http://doi.pangaea.de/10.1594/PANGAEA.738239,"Seeberg-Elverfeldt, Jens; Schlüter, Michael; Feseker, Tomas; Kölling, Martin (2005): Rhizon sampling of pore waters near the sediment/water interface of aquatic systems. Limnology and Oceanography: Methods, 3, 361-371",y,1,20,,,,,,,http://doi.pangaea.de/10.1594/PANGAEA.738239 OR 10.1594/PANGAEA.738239 OR doi:10.1594/PANGAEA.738239 -site:scientificcommons.org,0
77,http://www.pangaea.de/search?count=1&minlat=&minlon=&maxlat=&maxlon=&mindate=&maxdate=&env=All&q=%40supplement+year:2005+citation:year:2005&offset=77,http://doi.pangaea.de/10.1594/PANGAEA.738240,http://doi.pangaea.de/10.1594/PANGAEA.738240,"Tripati, Aradhna; Backman, Jan; Elderfield, Henry; Ferretti, Patrizia (2005): Eocene bipolar glaciation associated with global carbon cycle changes. Nature, 436, 341-346",Y,2,80,,,,,,,http://doi.pangaea.de/10.1594/PANGAEA.738240 OR 10.1594/PANGAEA.738240 OR doi:10.1594/PANGAEA.738240 -site:scientificcommons.org,0
78,http://www.pangaea.de/search?count=1&minlat=&minlon=&maxlat=&maxlon=&mindate=&maxdate=&env=All&q=%40supplement+year:2005+citation:year:2005&offset=78,http://doi.pangaea.de/10.1594/PANGAEA.738241,http://doi.pangaea.de/10.1594/PANGAEA.738241,"Tripati, Aradhna; Elderfield, Henry; Elder, B C (2005): Deep-sea temperature and circulation changes at the Paleocene-Eocene thermal maximum. Science, 308, 1894-1898",Y,1,49,,,,,,,http://doi.pangaea.de/10.1594/PANGAEA.738241 OR 10.1594/PANGAEA.738241 OR doi:10.1594/PANGAEA.738241 -site:scientificcommons.org,0
79,http://www.pangaea.de/search?count=1&minlat=&minlon=&maxlat=&maxlon=&mindate=&maxdate=&env=All&q=%40supplement+year:2005+citation:year:2005&offset=79,http://doi.pangaea.de/10.1594/PANGAEA.738242,http://doi.pangaea.de/10.1594/PANGAEA.738242,"Weldeab, Syee; Schneider, Ralph R; Kölling, Martin; Wefer, Gerold (2005): Holocene African droughts relate to eastern equatorial Atlantic cooling. Geology, 33(12), 981-984",Y,1,18,,,,,,,http://doi.pangaea.de/10.1594/PANGAEA.738242 OR 10.1594/PANGAEA.738242 OR doi:10.1594/PANGAEA.738242 -site:scientificcommons.org,0
80,http://www.pangaea.de/search?count=1&minlat=&minlon=&maxlat=&maxlon=&mindate=&maxdate=&env=All&q=%40supplement+year:2005+citation:year:2005&offset=80,http://doi.pangaea.de/10.1594/PANGAEA.738246,http://doi.pangaea.de/10.1594/PANGAEA.738246,"Holbourn, Ann E L; Kuhnt, Wolfgang; Schulz, Michael; Erlenkeuser, Helmut (2005): Impacts of orbital forcing and atmospheric carbon dioxide on Miocene ice-sheet expansion. Nature, 438, 483-487",Y,1,59,,,,,,,http://doi.pangaea.de/10.1594/PANGAEA.738246 OR 10.1594/PANGAEA.738246 OR doi:10.1594/PANGAEA.738246 -site:scientificcommons.org,0
81,http://www.pangaea.de/search?count=1&minlat=&minlon=&maxlat=&maxlon=&mindate=&maxdate=&env=All&q=%40supplement+year:2005+citation:year:2005&offset=81,http://doi.pangaea.de/10.1594/PANGAEA.738263,http://doi.pangaea.de/10.1594/PANGAEA.738263,"Sedwick, Peter; Church, TM; Bowie, Andrew R; Marsay, CM; Ussher, SJ; Achilles, KM; Lethaby, PJ; Johnson, Rodney J; Sarin, Manmohan M; McGillicuddy, Dennis (2005): Iron in the Sargasso Sea (Bermuda Atlantic Time-series Study region) during summer: Eolian imprint, spatiotemporal variability, and ecological implications. Global Biogeochemical Cycles, 19, GB4006",y,1,33,,,,,,,http://doi.pangaea.de/10.1594/PANGAEA.738263 OR 10.1594/PANGAEA.738263 OR doi:10.1594/PANGAEA.738263 -site:scientificcommons.org,0
82,http://www.pangaea.de/search?count=1&minlat=&minlon=&maxlat=&maxlon=&mindate=&maxdate=&env=All&q=%40supplement+year:2005+citation:year:2005&offset=82,http://doi.pangaea.de/10.1594/PANGAEA.738265,http://doi.pangaea.de/10.1594/PANGAEA.738265,"Spielhagen, Robert F; Siegert, Christine; Erlenkeuser, Helmut (2005): History of freshwater runoff across the Laptev Sea (Arctic) during the last degaciation. Global and Planetary Change, 48, 187-207",y,1,16,,,,,,,http://doi.pangaea.de/10.1594/PANGAEA.738265 OR 10.1594/PANGAEA.738265 OR doi:10.1594/PANGAEA.738265 -site:scientificcommons.org,0
83,http://www.pangaea.de/search?count=1&minlat=&minlon=&maxlat=&maxlon=&mindate=&maxdate=&env=All&q=%40supplement+year:2005+citation:year:2005&offset=83,http://doi.pangaea.de/10.1594/PANGAEA.738377,http://doi.pangaea.de/10.1594/PANGAEA.738377,"McClymont, Erin L; Rosell-Melé, V; Giraudeau, Jaques; Pierre, Catherine; Lloyd, Jerry M (2005): Alkenone and coccolith records of the mid-Pleistocene in the south-east Atlantic: implications for the Uk37' index and South African climate. Quaternary Science Reviews, 24(14-15), 1559-1572",y,1,11,,,,,,,http://doi.pangaea.de/10.1594/PANGAEA.738377 OR 10.1594/PANGAEA.738377 OR doi:10.1594/PANGAEA.738377 -site:scientificcommons.org,0
84,http://www.pangaea.de/search?count=1&minlat=&minlon=&maxlat=&maxlon=&mindate=&maxdate=&env=All&q=%40supplement+year:2005+citation:year:2005&offset=84,http://doi.pangaea.de/10.1594/PANGAEA.738441,http://doi.pangaea.de/10.1594/PANGAEA.738441,"Vandergoes, Marcus J; Newnham, Rewi M; Preusser, Frank; Hendy, Chris H; Lowell, Thomas V; Fitzsimons, Sean J; Hogg, Alan G; Kasper, Haino Uwe; Schlüchter, Christian (2005): Regional insolation forcing of late Quaternary climate change in the Southern Hemisphere. Nature, 436, 242-245",y,1,39,,,,,,,http://doi.pangaea.de/10.1594/PANGAEA.738441 OR 10.1594/PANGAEA.738441 OR doi:10.1594/PANGAEA.738441 -site:scientificcommons.org,0
85,http://www.pangaea.de/search?count=1&minlat=&minlon=&maxlat=&maxlon=&mindate=&maxdate=&env=All&q=%40supplement+year:2005+citation:year:2005&offset=85,http://doi.pangaea.de/10.1594/PANGAEA.738561,http://doi.pangaea.de/10.1594/PANGAEA.738561,"Waelbroeck, Claire; Mulitza, Stefan; Spero, Howard; Dokken, Trond; Kiefer, Thorsten; Cortijo, Elsa (2005): A global compilation of Late Holocene planktonic foraminiferal d18O: Relationship between surface water temperature and d18O. Quaternary Science Reviews, 24(7-9), 853-868",y,1,15,,,,,,,http://doi.pangaea.de/10.1594/PANGAEA.738561 OR 10.1594/PANGAEA.738561 OR doi:10.1594/PANGAEA.738561 -site:scientificcommons.org,0
86,http://www.pangaea.de/search?count=1&minlat=&minlon=&maxlat=&maxlon=&mindate=&maxdate=&env=All&q=%40supplement+year:2005+citation:year:2005&offset=86,http://doi.pangaea.de/10.1594/PANGAEA.738562,http://doi.pangaea.de/10.1594/PANGAEA.738562,"de Vernal, Anne; Eynaud, Frédérique; Henry, Maryse; Hillaire-Marcel, Claude; Londeix, Laurent; Mangin, Sylvie; Matthiessen, Jens; Marret, Fabienne; Radi, Taoufik; Rochon, André; Solignac, Sandrine; Turon, Jean-Louis (2005): Reconstruction of sea-surface conditions at middle to highlatitudes of the Northern Hemisphere during the Last Glacial Maximum(LGM) based on dinoflagellate cyst assemblages. Quaternary Science Reviews, 24(7-9), 897-924",y,1,70,,,,,,,http://doi.pangaea.de/10.1594/PANGAEA.738562 OR 10.1594/PANGAEA.738562 OR doi:10.1594/PANGAEA.738562 -site:scientificcommons.org,0
87,http://www.pangaea.de/search?count=1&minlat=&minlon=&maxlat=&maxlon=&mindate=&maxdate=&env=All&q=%40supplement+year:2005+citation:year:2005&offset=87,http://doi.pangaea.de/10.1594/PANGAEA.738563,http://doi.pangaea.de/10.1594/PANGAEA.738563,"Kucera, Michal; Weinelt, Mara; Kiefer, Thorsten; Pflaumann, Uwe; Hayes, Angela; Weinelt, Martin; Chen, Min-Te; Mix, Alan C; Barrows, Timothy T; Cortijo, Elsa; Duprat, Josette; Juggins, Steve; Waelbroeck, Claire (2005): Reconstruction of sea-surface temperatures from assemblages of planktonic foraminifera: multi-technique approach based on geographically constrained calibration datasets and its application to glacial Atlantic and Pacific Oceans. Quaternary Science Reviews, 24(7-9), 951-998",y,1,71,,,,,,,http://doi.pangaea.de/10.1594/PANGAEA.738563 OR 10.1594/PANGAEA.738563 OR doi:10.1594/PANGAEA.738563 -site:scientificcommons.org,0
88,http://www.pangaea.de/search?count=1&minlat=&minlon=&maxlat=&maxlon=&mindate=&maxdate=&env=All&q=%40supplement+year:2005+citation:year:2005&offset=88,http://doi.pangaea.de/10.1594/PANGAEA.738564,http://doi.pangaea.de/10.1594/PANGAEA.738564,"Hayes, Angela; Kucera, Michal; Kallel, Nejib; Sbaffi, Laura; Rohling, Eelco J (2005): Glacial Mediterranean sea surface temperatures based on planktonic foraminiferal assemblages. Quaternary Science Reviews, 24(7-9), 999-1016",y,2,31,,,,,,,http://doi.pangaea.de/10.1594/PANGAEA.738564 OR 10.1594/PANGAEA.738564 OR doi:10.1594/PANGAEA.738564 -site:scientificcommons.org,0
89,http://www.pangaea.de/search?count=1&minlat=&minlon=&maxlat=&maxlon=&mindate=&maxdate=&env=All&q=%40supplement+year:2005+citation:year:2005&offset=89,http://doi.pangaea.de/10.1594/PANGAEA.742608,http://doi.pangaea.de/10.1594/PANGAEA.742608,"Junttila, Juho; Ruikka, Marttiina; Strand, Kari O (2005): Clay-mineral assemblages in high-resolution Plio-Pleistocene interval at ODP Site 1165, Prydz Bay, Antarctica. Global and Planetary Change, 45(1-3), 151-163",y,1,4,,,4,2,2,6/1/2011,http://doi.pangaea.de/10.1594/PANGAEA.742608 OR 10.1594/PANGAEA.742608 OR doi:10.1594/PANGAEA.742608 -site:scientificcommons.org,0
90,http://www.pangaea.de/search?count=1&minlat=&minlon=&maxlat=&maxlon=&mindate=&maxdate=&env=All&q=%40supplement+year:2005+citation:year:2005&offset=90,http://doi.pangaea.de/10.1594/PANGAEA.743492,http://doi.pangaea.de/10.1594/PANGAEA.743492,"Alloway, Brent V; Pillans, Brad J; Carter, Lionel; Naish, Tim R; Westgate, John A (2005): Onshore - offshore correlation of Pleistocene rhyolitic eruptions fromNew Zealand: implications for TVZ eruptive history and paleoenvironmental construction. Quaternary Science Reviews, 24(14-15), 1601-1622",y,2,14,,,,,,,http://doi.pangaea.de/10.1594/PANGAEA.743492 OR 10.1594/PANGAEA.743492 OR doi:10.1594/PANGAEA.743492 -site:scientificcommons.org,0
91,http://www.pangaea.de/search?count=1&minlat=&minlon=&maxlat=&maxlon=&mindate=&maxdate=&env=All&q=%40supplement+year:2005+citation:year:2005&offset=91,http://doi.pangaea.de/10.1594/PANGAEA.738255,http://doi.pangaea.de/10.1594/PANGAEA.738255,"Steinke, Stephan; Chiu, Han-Yi; Yu, Pai-Sen; Shen, Chuan Chou; Löwemark, Ludvig; Mii, Horng-Sheng; Chen, Min-Te (2005): Mg/Ca ratios of two Globigerinoides ruber (white) morphotypes: Implications for reconstructing past tropical/subtropical surface water conditions. Geochemistry, Geophysics, Geosystems, 6, Q11005",y,2,16,,,,,,,http://doi.pangaea.de/10.1594/PANGAEA.738255 OR 10.1594/PANGAEA.738255 OR doi:10.1594/PANGAEA.738255 -site:scientificcommons.org,0
92,http://www.pangaea.de/search?count=1&minlat=&minlon=&maxlat=&maxlon=&mindate=&maxdate=&env=All&q=%40supplement+year:2005+citation:year:2005&offset=92,http://doi.pangaea.de/10.1594/PANGAEA.738282,http://doi.pangaea.de/10.1594/PANGAEA.738282,"Steinke, Stephan; Chiu, Han-Yi; Yu, Pai-Sen; Shen, Chuan Chou; Erlenkeuser, Helmut; Löwemark, Ludvig; Chen, Min-Te (2005): On the influence of sea level and monsoon climate on the southern South China Sea freshwater budget over the last 22,000 years. Quaternary Science Reviews, 25(13-14), 1475-1488",n,,,,,,,,,http://doi.pangaea.de/10.1594/PANGAEA.738282 OR 10.1594/PANGAEA.738282 OR doi:10.1594/PANGAEA.738282 -site:scientificcommons.org,0
93,http://www.pangaea.de/search?count=1&minlat=&minlon=&maxlat=&maxlon=&mindate=&maxdate=&env=All&q=%40supplement+year:2005+citation:year:2005&offset=93,http://doi.pangaea.de/10.1594/PANGAEA.745121,http://doi.pangaea.de/10.1594/PANGAEA.745121,"Sharkov, EV; Bortnikov, Nikolay S; Zinger, TF; Chistyakov, AV (2005): Silicic Fe-Ti-oxide series of slow-spreading ridges: petrology, geochemistry, and genesis with reference to the Sierra Leone segment of the Mid-Atlantic Ridge axial zone at 6°N. Russian Journal of Earth Sciences, 7(4), 1-30",n,,,,,,,,,http://doi.pangaea.de/10.1594/PANGAEA.745121 OR 10.1594/PANGAEA.745121 OR doi:10.1594/PANGAEA.745121 -site:scientificcommons.org,0
94,http://www.pangaea.de/search?count=1&minlat=&minlon=&maxlat=&maxlon=&mindate=&maxdate=&env=All&q=%40supplement+year:2005+citation:year:2005&offset=94,http://doi.pangaea.de/10.1594/PANGAEA.339110,http://doi.pangaea.de/10.1594/PANGAEA.339110,"Müller, Christian; Schlindwein, Vera; Eckstaller, Alfons; Miller, Heinz (2005): Singing Icebergs. Science, 310, 12",y,1,6,,,,,,,http://doi.pangaea.de/10.1594/PANGAEA.339110 OR 10.1594/PANGAEA.339110 OR doi:10.1594/PANGAEA.339110 -site:scientificcommons.org,2,http://scholar.google.com/scholar?hl=en&q=http%3A%2F%2Fdoi.pangaea.de%2F10.1594%2FPANGAEA.339110+OR+10.1594%2FPANGAEA.339110+OR+doi%3A10.1594%2FPANGAEA.339110+-site%3Ascientificcommons.org&btnG=Search&as_sdt=0%2C48&as_ylo=&as_vis=0
95,http://www.pangaea.de/search?count=1&minlat=&minlon=&maxlat=&maxlon=&mindate=&maxdate=&env=All&q=%40supplement+year:2005+citation:year:2005&offset=95,http://doi.pangaea.de/10.1594/PANGAEA.736818,http://doi.pangaea.de/10.1594/PANGAEA.736818,"Friedrich, Oliver; Nishi, H; Pross, Jörg; Schmiedl, Gerhard; Hemleben, Christoph (2005): Millennial- to Centennial-Scale interruptions of the Oceanic Anoxic Event 1b (Early Albian, mid-Cretaceous) inferred from benthic foraminiferal repopulation events. Palaios, 20(1), 64-77,",y,1,9,,,,,,,http://doi.pangaea.de/10.1594/PANGAEA.736818 OR 10.1594/PANGAEA.736818 OR doi:10.1594/PANGAEA.736818 -site:scientificcommons.org,0
96,http://www.pangaea.de/search?count=1&minlat=&minlon=&maxlat=&maxlon=&mindate=&maxdate=&env=All&q=%40supplement+year:2005+citation:year:2005&offset=96,http://doi.pangaea.de/10.1594/PANGAEA.736977,http://doi.pangaea.de/10.1594/PANGAEA.736977,"Friedrich, Oliver; Herrle, Jens O; Hemleben, Christoph (2005): Climatic changes in the Late Campanian through Early Maastrichtian: micropaleontological and stable isotopic evidence from an epicontinental sea. Journal of Foraminiferal Research, 35(3), 228-247,",y,1,6,,,,,,,http://doi.pangaea.de/10.1594/PANGAEA.736977 OR 10.1594/PANGAEA.736977 OR doi:10.1594/PANGAEA.736977 -site:scientificcommons.org,0
97,http://www.pangaea.de/search?count=1&minlat=&minlon=&maxlat=&maxlon=&mindate=&maxdate=&env=All&q=%40supplement+year:2005+citation:year:2005&offset=97,http://doi.pangaea.de/10.1594/PANGAEA.745656,http://doi.pangaea.de/10.1594/PANGAEA.745656,"Markov, YuD; Mozherovsky, AV; Pushkar, VS; Vashchenkova, NG; Nechaev, VP (2005): Sedimentation features and stratigraphic correlation of unconsolidated deposits from the Clarion Transform Fault Zone (Northeast Pacific). Pacific Geology, 24(4), 24-43",y,1,3,,,,,,,http://doi.pangaea.de/10.1594/PANGAEA.745656 OR 10.1594/PANGAEA.745656 OR doi:10.1594/PANGAEA.745656 -site:scientificcommons.org,0
98,http://www.pangaea.de/search?count=1&minlat=&minlon=&maxlat=&maxlon=&mindate=&maxdate=&env=All&q=%40supplement+year:2005+citation:year:2005&offset=98,http://doi.pangaea.de/10.1594/PANGAEA.743230,http://doi.pangaea.de/10.1594/PANGAEA.743230,"Guiter, Frederic; Andrieu-Ponel, Valerie; Digerfeldt, Gunnar; Reille, Maurice; de Beaulieu, Jacques-Louis; Ponel, Philippe (2005): Vegetation history and lake-level changes from the Younger Dryas to the present in Eastern Pyrenees (France): pollen, plant macrofossils and lithostratigraphy from Lake Racou (2000 m a.s.l.). Vegetation History and Archaeobotany, 14(2), 99-118",y,1,8,,,,,,,http://doi.pangaea.de/10.1594/PANGAEA.743230 OR 10.1594/PANGAEA.743230 OR doi:10.1594/PANGAEA.743230 -site:scientificcommons.org,0
99,http://www.pangaea.de/search?count=1&minlat=&minlon=&maxlat=&maxlon=&mindate=&maxdate=&env=All&q=%40supplement+year:2005+citation:year:2005&offset=99,http://doi.pangaea.de/10.1594/PANGAEA.711337,http://doi.pangaea.de/10.1594/PANGAEA.711337,"Hillenbrand, Claus-Dieter; Baesler, Anja; Grobe, Hannes (2005): The sedimentary record of the last glaciation in the western Bellingshausen Sea (West Antarctica): Implications for the interpretation of diamictons in a polar-marine setting. Marine Geology, 216(4), 191-204",y,1,14,,,,,,,http://doi.pangaea.de/10.1594/PANGAEA.711337 OR 10.1594/PANGAEA.711337 OR doi:10.1594/PANGAEA.711337 -site:scientificcommons.org,0
100,http://www.pangaea.de/search?count=1&minlat=&minlon=&maxlat=&maxlon=&mindate=&maxdate=&env=All&q=%40supplement+year:2005+citation:year:2005&offset=100,http://doi.pangaea.de/10.1016/j.gloplacha.2004.09.006,http://doi.pangaea.de/10.1594/PANGAEA.735191,"Hillenbrand, Claus-Dieter; Ehrmann, Werner U (2005): Late Neogene to Quaternary environmental changes in the Antarctic Peninsula region: evidence from drift sediments. Global and Planetary Change, 45, 165-191",y,2,18,"One dataset created in 2005 from this article, but 8 other datasets associated with this article that were created in 2001",,,,,,http://doi.pangaea.de/10.1594/PANGAEA.735191 OR 10.1594/PANGAEA.735191 OR doi:10.1594/PANGAEA.735191 -site:scientificcommons.org,0
101,http://www.pangaea.de/search?count=1&minlat=&minlon=&maxlat=&maxlon=&mindate=&maxdate=&env=All&q=%40supplement+year:2005+citation:year:2005&offset=101,http://doi.pangaea.de/10.1594/PANGAEA.739147,http://doi.pangaea.de/10.1594/PANGAEA.739147,"Stuut, Jan-Berend; Zabel, Matthias; Ratmeyer, Volker; Helmke, Peer; Schefuß, Enno; Lavik, Gaute; Schneider, Ralph R (2005): Provenance of present-day eolian dust collected off NW Africa. Journal of Geophysical Research-Atmospheres, 110, D04202",y,1,29,,,,,,,http://doi.pangaea.de/10.1594/PANGAEA.739147 OR 10.1594/PANGAEA.739147 OR doi:10.1594/PANGAEA.739147 -site:scientificcommons.org,0
102,http://www.pangaea.de/search?count=1&minlat=&minlon=&maxlat=&maxlon=&mindate=&maxdate=&env=All&q=%40supplement+year:2005+citation:year:2005&offset=102,http://doi.pangaea.de/10.1594/PANGAEA.701279,http://doi.pangaea.de/10.1594/PANGAEA.701279,"Cisewski, Boris; Strass, Volker; Prandke, Hartmut (2005): Upper-ocean vertical mixing in the Antarctic Polar Front Zone. Deep-Sea Research Part II-Topical Studies in Oceanography, 52(9-10), 1087-1108,",y,1,19,,,,,,,http://doi.pangaea.de/10.1594/PANGAEA.701279 OR 10.1594/PANGAEA.701279 OR doi:10.1594/PANGAEA.701279 -site:scientificcommons.org,0
103,http://www.pangaea.de/search?count=1&minlat=&minlon=&maxlat=&maxlon=&mindate=&maxdate=&env=All&q=%40supplement+year:2005+citation:year:2005&offset=103,http://doi.pangaea.de/10.1594/PANGAEA.746414,http://doi.pangaea.de/10.1594/PANGAEA.746414,"Sval'nov, Vyacheslav N; Alekseeeva, Tatyana N (2005): Grain Size Composition of Bottom Sediments of the World Ocean. Nauka Publ. (Moscow), 297 pp",n,,,,,,,,,http://doi.pangaea.de/10.1594/PANGAEA.746414 OR 10.1594/PANGAEA.746414 OR doi:10.1594/PANGAEA.746414 -site:scientificcommons.org,0
104,http://www.pangaea.de/search?count=1&minlat=&minlon=&maxlat=&maxlon=&mindate=&maxdate=&env=All&q=%40supplement+year:2005+citation:year:2005&offset=104,http://doi.pangaea.de/10.1594/PANGAEA.738279,http://doi.pangaea.de/10.1594/PANGAEA.738279,"Kiriakoulakis, Kostas; Fisher, Elizabeth; Wolff, George A; Freiwald, André; Grehan, Anthony; Roberts, Murray J (2005): Lipids and nitrogen isotopes of two deep-water corals from the North-East Atlantic: initial results and implications for their nutrition. In: Freiwald, A & Roberts, JM (eds.), 2005, Cold-water Corals and Ecosystems, Springer-Verlag, Berlin, Heidelberg, 715-729",y,1,20,,,,,,,http://doi.pangaea.de/10.1594/PANGAEA.738279 OR 10.1594/PANGAEA.738279 OR doi:10.1594/PANGAEA.738279 -site:scientificcommons.org,0
105,http://www.pangaea.de/search?count=1&minlat=&minlon=&maxlat=&maxlon=&mindate=&maxdate=&env=All&q=%40supplement+year:2005+citation:year:2005&offset=105,http://doi.pangaea.de/10.1594/PANGAEA.747709,http://doi.pangaea.de/10.1594/PANGAEA.747709,"Verga, D; Premoli-Silva, Isabella (2005): Early Cretaceous planktonic foraminifera from the Tethys: the Upper Aptian, planispiral morphotypes with elongate chambers. Cretaceous Research, 26(2), 239-259",y,1,2,,,,,,,http://doi.pangaea.de/10.1594/PANGAEA.747709 OR 10.1594/PANGAEA.747709 OR doi:10.1594/PANGAEA.747709 -site:scientificcommons.org,0
106,http://www.pangaea.de/search?count=1&minlat=&minlon=&maxlat=&maxlon=&mindate=&maxdate=&env=All&q=%40supplement+year:2005+citation:year:2005&offset=106,http://doi.pangaea.de/10.1594/PANGAEA.722600,http://doi.pangaea.de/10.1594/PANGAEA.722600,"MacLeod, Kenneth G; Huber, Brian T; Isaza-Londoño, Carolina (2005): North Atlantic warming during global cooling at the end of the Cretaceous. Geology, 33(6), 437-440",y,1,15,,,,,,,http://doi.pangaea.de/10.1594/PANGAEA.722600 OR 10.1594/PANGAEA.722600 OR doi:10.1594/PANGAEA.722600 -site:scientificcommons.org,0
107,http://www.pangaea.de/search?count=1&minlat=&minlon=&maxlat=&maxlon=&mindate=&maxdate=&env=All&q=%40supplement+year:2005+citation:year:2005&offset=107,http://doi.pangaea.de/10.1594/PANGAEA.712921,http://doi.pangaea.de/10.1594/PANGAEA.712921,"Hönisch, Bärbel; Hemming, N Gary (2005): Surface ocean pH response to variations in pCO2 through two full glacial cycles. Earth and Planetary Science Letters, 236(1-2), 305-314",y,1,29,,,,,,,http://doi.pangaea.de/10.1594/PANGAEA.712921 OR 10.1594/PANGAEA.712921 OR doi:10.1594/PANGAEA.712921 -site:scientificcommons.org,0
108,http://www.pangaea.de/search?count=1&minlat=&minlon=&maxlat=&maxlon=&mindate=&maxdate=&env=All&q=%40supplement+year:2005+citation:year:2005&offset=108,http://doi.pangaea.de/10.1594/PANGAEA.694086,http://doi.pangaea.de/10.1594/PANGAEA.694086,"Gibbs, Samantha; Young, Jeremy; Bralower, Timothy J; Shackleton, Nicholas J (2007): Nannofossil evolutionary events in the mid-Pliocene: an assessment of the degree of synchrony in the extinctions of Reticulofenestra pseudoumbilicus and Sphenolithus abies. Palaeogeography, Palaeoclimatology, Palaeoecology, 217(1-2), 155-172",y,1,8,,,,,,,http://doi.pangaea.de/10.1594/PANGAEA.694086 OR 10.1594/PANGAEA.694086 OR doi:10.1594/PANGAEA.694086 -site:scientificcommons.org,0
109,http://www.pangaea.de/search?count=1&minlat=&minlon=&maxlat=&maxlon=&mindate=&maxdate=&env=All&q=%40supplement+year:2005+citation:year:2005&offset=109,http://doi.pangaea.de/10.1594/PANGAEA.56129,http://doi.pangaea.de/10.1594/PANGAEA.56129,"Yuretich, Richard; Melles, Martin; Sarata, Brenn; Grobe, Hannes (1999): Clay minerals in the sediments of Lake Baikal: a useful climate proxy. Journal of Sedimentary Research, 69(3), 588-596",n,,,,,,,,,http://doi.pangaea.de/10.1594/PANGAEA.56129 OR 10.1594/PANGAEA.56129 OR doi:10.1594/PANGAEA.56129 -site:scientificcommons.org,0
110,http://www.pangaea.de/search?count=1&minlat=&minlon=&maxlat=&maxlon=&mindate=&maxdate=&env=All&q=%40supplement+year:2005+citation:year:2005&offset=110,http://doi.pangaea.de/10.1594/PANGAEA.319950,http://doi.pangaea.de/10.1594/PANGAEA.319950,"Helmke, Peer; Romero, Oscar E; Fischer, Gerhard (2005): Northwest African upwelling and its effect on off-shore organic carbon export to the deep sea. Global Biogeochemical Cycles, 19(4), GB4015",y,1,15,,,,,,,http://doi.pangaea.de/10.1594/PANGAEA.319950 OR 10.1594/PANGAEA.319950 OR doi:10.1594/PANGAEA.319950 -site:scientificcommons.org,0
111,http://www.pangaea.de/search?count=1&minlat=&minlon=&maxlat=&maxlon=&mindate=&maxdate=&env=All&q=%40supplement+year:2005+citation:year:2005&offset=111,http://doi.pangaea.de/10.1594/PANGAEA.733691,http://doi.pangaea.de/10.1594/PANGAEA.733691,"Seiter, Katherina; Hensen, Christian; Zabel, Matthias (2005): Benthic carbon mineralization on a global scale. Global Biogeochemical Cycles, 19, GB1010",y,1,16,,,,,,,http://doi.pangaea.de/10.1594/PANGAEA.733691 OR 10.1594/PANGAEA.733691 OR doi:10.1594/PANGAEA.733691 -site:scientificcommons.org,0
112,http://www.pangaea.de/search?count=1&minlat=&minlon=&maxlat=&maxlon=&mindate=&maxdate=&env=All&q=%40supplement+year:2005+citation:year:2005&offset=112,http://doi.pangaea.de/10.1594/PANGAEA.711655,http://doi.pangaea.de/10.1594/PANGAEA.711655,"Wien, Katharina; Kölling, Martin; Schulz, Horst D (2005): Close correlation between Sr/Ca ratios in bulk sediments from the Southern Cape Basin and the SPECMAP record. Geo-Marine Letters, 25(4), 265-271",y,1,1,,,,,,,http://doi.pangaea.de/10.1594/PANGAEA.711655 OR 10.1594/PANGAEA.711655 OR doi:10.1594/PANGAEA.711655 -site:scientificcommons.org,0
113,http://www.pangaea.de/search?count=1&minlat=&minlon=&maxlat=&maxlon=&mindate=&maxdate=&env=All&q=%40supplement+year:2005+citation:year:2005&offset=113,http://doi.pangaea.de/10.1594/PANGAEA.711656,http://doi.pangaea.de/10.1594/PANGAEA.711656,"Wien, Katharina; Wissmann, D; Kölling, Martin; Schulz, Horst D (2005): Fast application of X-ray fluorescence spectrometry aboard ship: how good is the portable new Spectro Xepos analyser?. Geo-Marine Letters, 25(4), 248-264",y,1,10,,,,,,,http://doi.pangaea.de/10.1594/PANGAEA.711656 OR 10.1594/PANGAEA.711656 OR doi:10.1594/PANGAEA.711656 -site:scientificcommons.org,0
114,http://www.pangaea.de/search?count=1&minlat=&minlon=&maxlat=&maxlon=&mindate=&maxdate=&env=All&q=%40supplement+year:2005+citation:year:2005&offset=114,http://doi.pangaea.de/10.1594/PANGAEA.328911,http://doi.pangaea.de/10.1594/PANGAEA.328911,"Klöcker, Ralph; Ganssen, Gerald M; Jung, S J A; Kroon, Dick; Henrich, Rüdiger (2005): Late Quaternary millennial-scale variability in pelagic aragonite preservation off Somalia. Marine Micropaleontology, 59(3-4), 171-183",n,,,,,,,,,http://doi.pangaea.de/10.1594/PANGAEA.328911 OR 10.1594/PANGAEA.328911 OR doi:10.1594/PANGAEA.328911 -site:scientificcommons.org,0
115,http://www.pangaea.de/search?count=1&minlat=&minlon=&maxlat=&maxlon=&mindate=&maxdate=&env=All&q=%40supplement+year:2005+citation:year:2005&offset=115,http://doi.pangaea.de/10.1594/PANGAEA.711985,http://doi.pangaea.de/10.1594/PANGAEA.711985,"Dorschel, Boris; Hebbeln, Dierk; Rüggeberg, Andres; Dullo, Wolf Christian; Freiwald, André (2005): Growth and Erosion of a Cold-Water Coral Covered Carbonate Mound in the Northeast Atlantic during the Late Pleistocene and Holocene. Earth and Planetary Science Letters, 233(1-2), 33-44",y,1,35,,,,,,,http://doi.pangaea.de/10.1594/PANGAEA.711985 OR 10.1594/PANGAEA.711985 OR doi:10.1594/PANGAEA.711985 -site:scientificcommons.org,0
116,http://www.pangaea.de/search?count=1&minlat=&minlon=&maxlat=&maxlon=&mindate=&maxdate=&env=All&q=%40supplement+year:2005+citation:year:2005&offset=116,http://doi.pangaea.de/10.1594/PANGAEA.711998,http://doi.pangaea.de/10.1594/PANGAEA.711998,"Rüggeberg, Andres; Dorschel, Boris; Dullo, Wolf Christian; Hebbeln, Dierk (2005): Sedimentary patterns in the vicinity of a carbonate mound in the Hovland Mound Province, northern Porcupine Seabight. In: Freiwald, A & Roberts, JM (eds.), 2005, Cold-water Corals and Ecosystems, Springer-Verlag, Berlin, Heidelberg, 87-112",y,1,12,,,,,,,http://doi.pangaea.de/10.1594/PANGAEA.711998 OR 10.1594/PANGAEA.711998 OR doi:10.1594/PANGAEA.711998 -site:scientificcommons.org,0
117,http://www.pangaea.de/search?count=1&minlat=&minlon=&maxlat=&maxlon=&mindate=&maxdate=&env=All&q=%40supplement+year:2005+citation:year:2005&offset=117,http://doi.pangaea.de/10.1594/PANGAEA.704257,http://doi.pangaea.de/10.1594/PANGAEA.704257,"Lisiecki, Lorraine E; Raymo, Maureen E (2005): A Pliocene-Pleistocene stack of 57 globally distributed benthic d18O records. Paleoceanography, 20, PA1003",y,3,423,,,,,,,http://doi.pangaea.de/10.1594/PANGAEA.704257 OR 10.1594/PANGAEA.704257 OR doi:10.1594/PANGAEA.704257 -site:scientificcommons.org,0